Year,BCC-CSM2-MR,BCC-ESM1,CAMS-CSM1-0,CESM2-WACCM,CESM2,CNRM-CM6-1-HR,CNRM-CM6-1,CNRM-ESM2-1,CanESM5,E3SM-1-0,EC-Earth3-Veg,EC-Earth3,FGOALS-f3-L,GFDL-CM4,GFDL-ESM4,GISS-E2-1-G,GISS-E2-1-H,GISS-E2-2-G,HadGEM3-GC31-LL,INM-CM4-8,IPSL-CM6A-LR,MCM-UA-1-0,MIROC-ES2L,MIROC6,MPI-ESM1-2-HR,MRI-ESM2-0,NESM3,NorESM2-LM,SAM0-UNICON,UKESM1-0-LL,Mean
1,1.020,.8720,1.134,.9782,1.109,1.242,1.536,.8900,1.247,1.162,1.226,1.026,1.327,1.200,.9822,1.116,1.128,1.206,1.141,.8941,1.252,1.066,.8689,.8904,1.170,1.126,2.298,1.191,.8724,1.593,1.159
2,1.610,1.527,1.747,1.616,1.965,1.918,2.218,1.427,2.186,2.112,2.062,1.663,2.077,2.229,1.696,2.030,1.834,1.762,1.975,1.410,2.119,1.618,1.666,1.560,1.777,1.771,3.220,1.903,1.822,2.120,1.888
3,2.046,1.927,1.941,2.054,2.522,2.484,2.816,1.939,2.648,2.561,2.504,2.137,2.719,2.774,2.142,2.414,1.967,1.999,2.479,1.690,2.572,1.991,2.116,2.035,2.228,2.122,3.780,2.266,2.242,2.477,2.320
4,2.174,2.269,2.398,2.527,2.918,2.962,3.257,2.527,3.077,2.949,2.898,2.749,2.567,2.875,2.300,2.597,2.305,2.359,2.836,1.848,2.987,2.387,2.087,2.424,2.538,2.169,4.005,2.817,2.731,3.003,2.651
5,2.382,2.538,2.702,2.917,3.196,3.209,3.587,2.704,3.358,3.039,3.115,2.947,2.837,2.952,2.673,2.586,2.756,2.619,3.182,2.007,3.211,2.772,2.243,2.762,2.851,2.466,4.269,2.972,2.970,3.481,2.910
6,2.612,2.669,2.566,3.241,3.524,3.374,3.794,2.796,3.782,3.349,3.462,3.140,3.193,3.430,2.704,2.762,2.972,2.596,3.587,2.099,3.447,3.062,2.582,2.717,2.886,2.796,4.425,2.891,3.223,3.628,3.110
7,2.770,2.889,2.740,3.454,3.724,3.606,3.818,3.163,3.838,3.505,3.740,3.624,3.042,3.592,2.756,3.253,3.055,2.734,3.777,2.110,3.574,3.304,2.969,2.538,2.996,2.887,4.639,3.152,3.477,3.622,3.278
8,2.895,2.980,2.841,3.613,4.042,3.773,4.048,3.393,3.925,3.994,3.666,3.567,3.450,3.584,2.847,3.279,3.022,2.890,3.937,2.240,3.656,3.197,2.948,2.615,3.147,2.912,4.535,3.325,3.682,3.836,3.395
9,2.970,3.129,2.943,3.764,4.041,3.940,4.221,3.432,4.234,4.233,3.927,3.627,3.697,3.872,3.012,3.219,3.037,2.913,4.232,2.410,3.900,3.204,2.660,3.084,3.224,3.081,4.704,3.044,3.878,4.241,3.529
10,3.072,3.236,3.017,3.783,4.204,4.073,4.183,3.675,4.474,4.584,4.125,3.782,3.543,3.992,3.292,3.400,3.315,2.813,4.348,2.531,3.889,3.457,2.798,3.207,3.268,3.221,4.725,3.113,4.023,4.432,3.652
11,3.121,3.356,3.062,3.915,4.255,4.241,4.383,3.828,4.571,4.712,4.035,4.016,3.845,3.756,3.253,3.353,3.614,3.068,4.349,2.546,4.071,3.605,3.110,2.911,3.459,3.332,4.754,3.156,3.932,4.477,3.736
12,3.131,3.339,3.168,4.026,4.376,4.427,4.536,3.968,4.768,4.970,4.175,4.115,3.791,4.018,3.196,3.242,3.303,3.088,4.488,2.523,4.267,3.607,3.468,2.898,3.411,3.281,5.055,3.084,4.228,4.463,3.814
13,3.287,3.448,3.006,4.096,4.391,4.379,4.628,4.128,5.071,5.120,4.445,4.041,3.756,4.216,3.357,3.515,3.333,3.144,4.598,2.586,4.457,3.886,3.378,2.952,3.448,3.388,5.032,3.390,4.293,4.737,3.917
14,3.403,3.515,3.261,4.238,4.520,4.506,4.710,4.223,5.076,5.326,4.628,4.265,4.020,4.142,3.471,3.636,3.622,3.328,4.802,2.655,4.465,3.980,3.430,3.412,3.483,3.453,5.113,3.523,4.183,4.958,4.045
15,3.567,3.475,3.221,4.169,4.658,4.552,4.442,4.434,5.222,5.234,4.449,4.412,4.036,3.961,3.434,3.642,3.611,3.166,5.085,2.713,4.623,3.971,3.456,3.297,3.562,3.372,5.268,3.389,4.313,5.051,4.059
16,3.529,3.443,3.376,4.271,4.723,4.759,4.670,4.377,5.236,5.463,4.381,4.088,3.859,4.037,3.354,3.715,3.481,3.077,4.847,2.639,4.857,3.813,3.547,3.142,3.619,3.492,5.202,3.422,4.337,5.006,4.059
17,3.578,3.404,3.439,4.299,4.833,4.731,5.100,4.454,5.439,5.731,4.597,4.181,3.783,4.019,3.613,3.667,3.669,3.298,4.930,2.612,4.710,3.924,3.409,3.042,3.538,3.804,5.209,3.369,4.352,5.109,4.128
18,3.672,3.519,3.256,4.125,4.913,4.865,4.839,4.378,5.661,5.746,4.824,4.494,4.110,4.018,3.506,3.478,3.941,3.385,5.178,2.722,4.771,3.984,3.317,3.200,3.437,3.715,5.280,3.187,4.159,5.168,4.162
19,3.662,3.543,3.449,4.403,5.059,4.890,4.920,4.543,5.496,5.992,4.823,4.527,3.991,4.338,3.512,3.665,3.839,3.100,5.410,2.689,4.948,4.053,3.570,3.492,3.398,3.515,5.434,3.215,4.273,5.193,4.231
20,3.592,3.571,3.445,4.539,5.114,4.770,5.138,4.606,5.517,5.915,4.807,4.628,4.014,4.361,3.441,3.664,3.791,3.563,5.276,2.724,5.270,4.100,3.621,3.607,3.667,3.565,5.267,3.668,4.404,5.290,4.298
21,3.555,3.619,3.469,4.506,5.118,5.098,5.212,4.755,5.561,5.924,4.903,4.800,4.037,4.319,3.624,3.459,3.867,3.540,5.169,2.704,5.328,4.216,3.426,3.156,3.660,3.747,5.523,3.461,4.593,5.345,4.323
22,3.484,3.783,3.448,4.519,4.920,5.088,5.222,4.723,5.680,6.213,4.932,4.676,3.822,4.520,3.643,3.573,4.047,3.272,5.430,2.744,5.279,4.181,3.396,3.219,3.687,3.922,5.647,3.476,4.520,5.455,4.351
23,3.569,3.764,3.418,4.725,5.096,5.164,5.251,4.794,5.789,6.209,5.089,4.814,3.950,4.310,3.670,3.736,3.825,3.354,5.548,2.844,5.337,4.306,3.521,3.385,3.657,3.786,5.700,3.346,4.435,5.432,4.394
24,3.723,3.795,3.490,4.636,5.174,5.247,5.452,4.775,5.993,6.542,4.971,4.990,4.194,4.322,3.548,3.579,3.880,3.299,5.284,2.857,5.402,4.227,3.835,3.646,3.703,3.751,5.645,3.433,4.446,5.498,4.444
25,3.812,3.771,3.377,4.581,5.078,5.136,5.515,4.925,6.021,6.495,5.029,4.829,3.964,4.291,3.712,3.878,4.093,3.484,5.449,2.841,5.381,4.362,3.695,3.498,3.725,3.887,5.682,3.564,4.593,5.622,4.476
26,3.782,3.874,3.504,4.558,5.083,5.331,5.404,4.905,5.888,6.471,5.276,4.926,4.074,4.399,3.716,3.822,3.952,3.519,5.696,2.831,5.267,4.334,3.552,3.322,3.824,3.893,5.686,3.474,4.585,5.810,4.492
27,3.755,3.911,3.462,4.700,5.239,5.385,5.291,4.975,5.974,6.241,5.462,5.138,4.239,4.498,3.561,3.515,4.071,3.443,5.748,2.916,5.475,4.312,3.631,3.333,3.741,3.824,5.815,3.005,4.569,5.574,4.493
28,3.789,3.907,3.387,4.784,5.407,5.372,5.420,4.899,6.050,6.396,5.282,5.159,4.026,4.553,3.630,3.531,4.214,3.642,5.725,2.969,5.590,4.386,3.921,3.368,3.810,3.676,6.049,3.028,4.598,5.705,4.542
29,3.763,3.858,3.465,4.893,5.361,5.358,5.572,4.979,6.167,6.711,5.478,4.774,4.185,4.585,3.753,3.699,3.853,3.599,5.773,2.875,5.614,4.393,3.724,3.600,3.739,3.842,5.870,3.110,4.727,5.907,4.574
30,3.947,3.958,3.531,4.929,5.290,5.356,5.548,5.109,6.146,6.594,5.531,4.890,4.229,4.603,3.715,3.643,3.941,3.443,5.825,2.912,5.837,4.450,3.598,3.640,3.874,3.895,6.034,3.272,4.820,5.826,4.613
31,3.756,3.978,3.506,4.958,5.446,5.379,5.569,5.196,6.089,6.809,5.365,5.147,4.209,4.362,3.585,3.716,4.076,3.618,5.859,2.963,5.907,4.462,3.703,3.249,3.969,3.796,5.983,3.038,4.754,5.618,4.602
32,3.695,4.004,3.528,4.798,5.356,5.544,5.366,4.849,6.173,6.762,5.373,5.235,4.343,4.540,3.599,3.680,4.224,3.655,5.969,2.966,5.675,4.533,3.885,3.337,3.956,3.601,5.920,3.008,4.576,5.799,4.598
33,3.839,4.075,3.666,4.902,5.455,5.529,5.599,5.077,6.102,6.802,5.695,5.230,4.452,4.868,3.663,3.522,4.127,3.567,6.266,2.978,5.807,4.712,3.666,3.615,3.893,3.770,5.960,3.310,4.715,5.999,4.695
34,3.888,4.069,3.554,5.103,5.362,5.658,5.684,5.131,6.213,6.791,5.510,5.105,4.502,4.691,3.707,3.793,4.241,3.552,5.965,2.966,5.739,4.612,3.611,3.957,3.994,3.790,6.083,3.528,4.654,6.162,4.720
35,3.932,4.157,3.626,5.000,5.437,5.472,5.529,5.259,6.461,6.726,5.509,5.055,4.290,4.619,3.832,3.705,4.168,3.382,5.957,2.972,5.683,4.492,3.822,3.669,3.940,3.823,6.043,3.255,4.533,5.838,4.673
36,3.987,4.232,3.694,4.861,5.493,5.511,5.876,5.267,6.299,6.608,5.492,5.427,4.497,4.708,3.735,3.555,4.051,3.634,6.139,2.971,5.686,4.398,3.974,3.471,3.918,3.825,6.171,2.999,4.624,5.873,4.699
37,3.975,4.267,3.614,5.032,5.619,5.675,5.652,5.205,6.297,6.853,5.585,5.332,4.534,4.704,3.838,3.693,4.191,3.675,6.382,2.922,5.781,4.202,3.709,3.548,4.043,3.986,5.976,3.236,4.605,6.113,4.741
38,4.046,4.210,3.750,5.054,5.580,5.704,5.832,5.217,6.493,6.602,5.552,5.099,4.489,4.822,3.696,3.908,4.305,3.544,6.271,3.008,5.759,4.358,3.614,3.668,4.173,3.776,5.967,3.317,4.437,6.103,4.745
39,4.150,4.289,3.712,5.104,5.545,5.745,5.879,5.180,6.613,6.756,5.628,5.302,4.189,4.742,3.833,3.860,4.175,3.590,6.151,2.970,5.805,4.539,3.755,3.843,4.144,3.827,6.147,3.203,4.589,6.169,4.781
40,4.045,4.364,3.702,5.109,5.565,5.834,5.778,5.173,6.456,6.981,5.884,5.547,4.272,4.649,3.936,3.614,4.209,3.745,6.198,2.993,5.825,4.611,3.877,3.627,4.055,4.006,6.089,3.592,4.563,6.203,4.817
41,4.038,4.301,3.730,5.110,5.725,5.891,5.892,5.125,6.569,6.919,5.927,5.479,4.429,4.796,3.748,3.641,4.347,3.441,6.455,3.013,6.084,4.710,3.957,3.496,4.100,3.932,6.142,3.388,4.648,6.313,4.845
42,4.104,4.259,3.706,5.089,5.641,5.800,5.844,5.195,6.554,7.050,5.564,5.662,4.380,4.706,3.769,3.861,4.026,3.569,6.399,3.063,6.121,4.535,3.872,3.647,4.080,3.940,6.279,3.059,4.541,6.323,4.821
43,4.124,4.310,3.729,4.874,5.683,5.821,5.932,5.056,6.550,7.035,5.696,5.549,4.443,4.693,3.863,3.834,4.162,3.707,6.395,3.115,5.910,4.740,3.822,3.817,4.079,3.857,6.405,3.271,4.685,6.282,4.848
44,4.143,4.309,3.744,5.123,5.784,5.920,5.872,5.248,6.653,6.909,5.817,5.580,4.648,4.906,3.969,3.561,4.440,3.657,6.521,3.140,6.096,4.712,3.896,3.553,4.031,3.709,6.250,3.379,4.744,6.479,4.893
45,4.065,4.238,3.740,5.095,5.893,5.774,5.809,5.153,6.756,7.035,5.790,5.767,4.433,4.816,3.779,3.754,4.401,3.587,6.631,3.180,6.068,4.669,4.049,3.585,4.038,3.828,6.101,2.921,4.573,6.508,4.868
46,4.058,4.269,3.707,5.136,5.943,5.810,5.895,5.349,6.696,7.101,6.136,5.451,4.522,4.747,3.923,3.904,4.405,3.562,6.566,3.087,5.972,4.702,3.906,3.716,4.116,3.869,6.356,2.889,4.813,6.401,4.900
47,4.047,4.215,3.649,5.149,5.792,5.891,5.870,5.095,6.612,7.055,6.142,5.442,4.519,4.843,3.905,3.713,4.226,3.691,6.492,3.032,6.094,4.574,3.798,3.647,4.136,3.872,6.336,3.043,4.814,6.319,4.867
48,4.108,4.194,3.767,5.211,6.005,5.785,5.964,5.208,6.750,7.070,5.962,5.633,4.715,4.760,3.888,3.802,4.452,3.516,6.634,3.069,6.200,4.649,4.035,3.517,4.184,3.820,6.291,3.316,4.653,6.463,4.921
49,4.170,4.254,3.658,5.076,5.884,5.983,6.019,5.216,6.711,7.223,6.164,5.860,4.570,4.717,3.886,3.873,4.310,3.457,6.730,3.092,6.134,4.944,3.875,3.632,4.141,4.004,6.375,3.006,4.562,6.490,4.934
50,4.227,4.229,3.826,5.073,5.858,5.749,5.919,5.132,6.579,7.381,6.191,5.475,4.241,4.951,3.939,3.737,4.079,3.614,6.694,3.111,6.139,4.936,3.593,3.936,4.029,3.941,6.360,3.225,4.604,6.503,4.909
51,4.237,4.317,3.697,5.192,5.924,5.982,6.080,5.022,6.713,7.347,5.989,5.747,4.537,5.034,3.939,3.796,4.430,3.774,6.585,3.092,6.127,4.846,3.653,3.694,4.153,3.708,6.368,3.590,4.647,6.497,4.957
52,4.162,4.282,3.821,5.239,5.808,6.024,6.100,5.216,6.770,7.563,6.116,6.109,4.584,5.035,3.921,3.911,4.443,3.628,6.575,3.072,6.132,4.502,3.960,3.739,4.332,3.901,6.344,3.632,4.647,6.399,4.999
53,4.203,4.300,3.734,5.261,5.945,6.051,6.229,5.296,6.850,7.515,6.284,6.080,4.347,4.786,3.919,3.734,4.249,3.631,6.687,3.113,5.995,4.484,4.067,3.974,4.249,4.135,6.562,3.382,4.885,6.561,5.017
54,4.176,4.309,3.703,5.155,5.860,5.833,6.189,5.456,7.026,7.270,6.045,5.825,4.539,4.911,3.962,3.644,4.492,3.681,6.787,3.126,5.978,4.522,3.823,3.902,4.172,3.918,6.559,3.509,4.800,6.681,4.995
55,4.203,4.392,3.832,5.268,5.850,5.945,5.882,5.411,6.871,7.442,6.239,5.922,4.553,5.029,3.750,3.906,4.480,3.649,6.798,3.076,6.093,4.479,3.939,3.457,4.209,3.967,6.361,3.604,4.618,6.507,4.991
56,4.221,4.316,3.693,5.290,5.956,6.041,6.201,5.422,7.013,7.455,6.284,6.091,4.556,4.986,3.831,3.862,4.259,3.390,6.817,3.076,6.377,4.435,4.202,3.407,4.194,4.020,6.434,3.456,4.625,6.624,5.018
57,4.296,4.308,3.801,5.155,6.036,6.015,6.033,5.337,7.007,7.300,6.426,6.112,4.700,4.853,3.866,3.688,4.494,3.599,6.815,3.166,6.317,4.386,4.101,3.550,4.342,4.085,6.414,3.350,4.767,6.680,5.033
58,4.212,4.386,3.847,5.307,6.082,5.939,6.132,5.552,7.188,7.360,6.405,5.908,4.401,4.932,3.862,3.821,4.525,3.748,6.750,3.085,6.132,4.578,3.916,3.618,4.158,3.821,6.409,3.306,4.674,6.831,5.029
59,4.330,4.374,3.724,5.402,6.117,5.971,6.010,5.469,7.017,7.492,6.246,6.067,4.661,4.979,3.920,3.812,4.364,3.674,6.919,3.111,6.251,4.657,4.019,3.855,4.064,3.875,6.437,3.290,4.606,6.702,5.047
60,4.264,4.359,3.776,5.402,5.964,5.933,6.172,5.482,7.111,7.314,6.134,6.192,4.658,4.904,3.882,3.740,4.591,3.654,6.980,3.042,6.282,4.754,4.169,3.879,4.178,4.059,6.440,3.545,4.614,6.887,5.079
61,4.358,4.446,3.798,5.401,6.026,5.953,6.220,5.592,7.136,7.708,6.353,5.964,4.503,4.879,3.920,3.852,4.442,3.641,6.763,3.081,6.343,4.800,3.830,4.009,4.261,4.071,6.475,3.649,4.835,6.895,5.107
62,4.258,4.372,3.679,5.449,6.160,6.004,6.041,5.694,6.928,7.655,6.480,5.963,4.632,4.964,3.785,3.751,4.227,3.417,6.785,3.153,6.537,4.815,3.663,3.929,4.440,4.040,6.429,3.700,4.682,6.916,5.085
63,4.157,4.378,3.804,5.496,6.114,5.964,6.180,5.481,7.188,7.403,6.088,6.012,4.624,4.919,4.008,3.537,4.426,3.673,7.063,3.223,6.405,4.778,3.946,3.796,4.439,4.115,6.462,3.581,4.578,7.020,5.095
64,4.269,4.441,3.908,5.511,6.217,6.107,6.132,5.486,7.131,7.567,6.195,6.154,4.526,5.001,3.956,3.825,4.500,3.743,6.933,3.202,6.310,4.789,4.113,3.537,4.322,4.130,6.536,3.578,4.856,6.859,5.128
65,4.176,4.462,3.819,5.414,6.239,6.025,6.312,5.602,7.070,7.821,6.529,6.274,4.545,5.105,4.036,3.824,4.506,3.649,6.948,3.241,6.560,4.632,3.896,3.612,4.317,3.950,6.459,3.754,4.884,6.843,5.150
66,4.262,4.494,3.886,5.434,6.362,6.047,6.273,5.570,7.082,7.640,6.694,6.096,4.538,5.136,3.909,3.690,4.309,3.613,7.241,3.372,6.500,4.888,3.904,3.925,4.314,3.926,6.730,3.673,4.728,6.985,5.174
67,4.237,4.498,3.786,5.512,6.307,5.900,6.280,5.678,7.035,7.796,6.476,6.024,4.531,5.190,3.944,3.786,4.512,3.560,7.193,3.253,6.352,4.921,4.074,4.065,4.301,4.098,6.452,3.735,4.951,6.816,5.175
68,4.296,4.494,3.863,5.688,6.101,6.057,6.271,5.594,7.020,7.495,6.449,6.253,4.815,5.229,3.970,3.920,4.594,3.637,6.959,3.194,6.336,4.878,4.140,3.745,4.403,4.027,6.545,3.729,4.851,6.914,5.182
69,4.300,4.543,3.871,5.632,6.149,5.953,6.253,5.733,7.248,7.756,6.740,6.529,4.451,5.102,4.061,3.765,4.438,3.398,7.199,3.246,6.432,4.867,3.805,3.742,4.371,4.051,6.554,3.585,4.966,6.841,5.186
70,4.150,4.567,3.711,5.493,6.251,6.067,6.297,5.848,7.042,7.720,6.716,6.226,4.585,5.099,3.792,3.782,4.444,3.551,7.304,3.246,6.621,4.766,3.775,3.933,4.384,4.170,6.522,3.586,4.844,6.829,5.177
71,4.264,4.615,3.846,5.718,6.298,6.100,6.361,5.657,7.076,7.535,6.448,6.301,4.725,5.225,4.025,3.893,4.607,3.707,7.001,3.317,6.708,4.842,4.041,3.901,4.502,4.070,6.492,3.559,4.772,7.017,5.221
72,4.334,4.654,3.786,5.645,6.241,6.059,6.260,5.609,7.293,7.623,6.566,6.597,4.553,5.147,4.016,3.720,4.458,3.587,7.042,3.276,6.478,4.820,4.201,3.589,4.589,4.205,6.525,3.253,4.999,7.167,5.210
73,4.434,4.621,3.862,5.622,6.300,6.167,6.360,5.817,7.176,7.850,6.732,6.483,4.556,5.163,4.021,3.898,4.704,3.679,7.267,3.216,6.343,4.862,4.072,3.640,4.544,4.213,6.653,3.592,4.915,6.981,5.258
74,4.287,4.663,3.781,5.710,6.381,6.024,6.450,5.802,7.285,7.585,6.747,6.470,4.937,5.164,3.997,3.821,4.645,3.665,7.180,3.280,6.434,4.918,3.753,3.875,4.410,4.286,6.677,3.764,4.939,7.057,5.266
75,4.266,4.607,3.833,5.708,6.390,6.194,6.343,5.515,7.298,7.835,6.842,6.534,4.679,5.040,4.076,3.592,4.546,3.697,7.155,3.337,6.902,4.878,3.816,3.870,4.445,4.235,6.666,3.514,4.961,6.972,5.258
76,4.460,4.630,3.883,5.772,6.445,6.016,6.377,5.821,7.126,7.788,6.833,6.434,4.781,5.149,4.000,3.726,4.752,3.708,7.370,3.361,6.668,4.741,4.250,3.555,4.314,4.212,6.835,3.766,4.881,7.057,5.290
77,4.384,4.659,3.719,5.656,6.348,5.955,6.302,5.793,7.337,7.804,6.620,6.270,4.898,5.435,4.163,3.814,4.799,3.646,7.340,3.372,6.513,4.921,4.040,3.611,4.331,4.254,6.796,3.747,5.013,7.137,5.289
78,4.330,4.653,3.929,5.787,6.428,5.979,6.362,5.852,7.500,7.661,6.654,6.316,4.634,5.150,4.198,3.689,4.488,3.655,7.346,3.277,6.581,4.979,3.782,3.819,4.398,4.279,6.625,3.562,4.831,6.952,5.256
79,4.425,4.660,3.914,5.677,6.478,6.106,6.267,5.890,7.409,7.804,6.959,6.584,4.923,5.260,4.024,3.782,4.558,3.739,7.539,3.264,6.773,5.069,3.945,4.205,4.518,4.224,6.637,3.665,4.622,7.049,5.332
80,4.457,4.756,3.901,5.708,6.439,6.119,6.458,5.823,7.393,8.027,6.969,6.671,4.890,5.552,4.173,3.866,4.837,3.622,7.206,3.225,6.685,4.921,4.050,3.965,4.528,4.217,6.686,3.802,4.799,7.144,5.363
81,4.423,4.715,4.005,5.703,6.532,6.230,6.447,5.937,7.327,8.064,6.710,6.471,4.795,5.265,4.166,3.708,4.672,3.499,7.208,3.355,6.424,4.898,4.172,3.520,4.560,4.284,6.715,3.535,4.928,7.050,5.311
82,4.477,4.672,3.745,5.848,6.537,6.134,6.359,5.842,7.482,8.074,6.769,6.413,4.972,5.303,4.020,3.892,4.790,3.728,7.261,3.352,6.369,4.779,3.936,3.574,4.557,4.386,6.715,3.534,4.845,7.184,5.318
83,4.637,4.616,3.963,5.754,6.383,6.156,6.413,5.954,7.391,7.807,6.957,6.641,4.646,5.490,4.061,3.831,4.637,3.855,7.316,3.340,6.727,4.719,3.929,3.875,4.611,4.336,6.727,3.723,4.684,7.146,5.344
84,4.487,4.491,3.846,5.757,6.486,6.188,6.492,5.961,7.431,7.915,7.005,6.785,4.749,5.085,4.205,3.788,4.515,3.734,7.249,3.280,6.804,4.930,4.094,3.889,4.540,4.308,6.706,3.720,4.648,7.268,5.345
85,4.485,4.670,3.777,5.719,6.654,6.108,6.252,6.006,7.391,7.945,6.519,6.545,4.906,5.211,3.913,3.746,4.598,3.609,7.176,3.281,6.728,4.903,4.112,3.579,4.452,4.390,6.728,3.653,4.840,7.199,5.303
86,4.533,4.658,3.969,5.798,6.586,6.109,6.491,5.859,7.270,8.118,6.570,6.491,4.651,5.279,4.026,3.919,4.713,3.702,7.428,3.273,6.701,4.797,3.837,3.589,4.421,4.264,6.640,3.929,4.838,7.221,5.323
87,4.417,4.670,3.856,5.734,6.600,6.215,6.488,6.014,7.521,8.030,6.763,6.755,4.948,5.169,4.182,3.976,4.492,3.834,7.304,3.344,6.680,4.847,3.927,3.784,4.527,4.443,6.636,3.873,4.971,7.253,5.375
88,4.366,4.747,3.922,5.823,6.642,6.078,6.617,5.953,7.655,8.065,7.080,6.655,4.985,5.198,4.234,3.743,4.774,3.858,7.208,3.204,6.833,5.086,4.029,4.080,4.564,4.384,6.548,3.779,4.900,7.398,5.414
89,4.492,4.560,3.977,5.953,6.595,6.034,6.457,5.993,7.629,7.919,6.808,6.357,4.806,5.558,4.177,3.640,4.832,3.823,7.291,3.239,6.800,5.097,4.241,3.824,4.563,4.230,6.678,3.866,4.969,7.232,5.388
90,4.440,4.700,3.979,5.937,6.612,6.147,6.536,5.931,7.484,7.973,6.862,6.673,4.841,5.483,4.152,3.945,4.646,3.748,7.421,3.191,6.597,5.184,3.928,3.769,4.567,4.351,6.829,3.401,5.028,7.143,5.383
91,4.541,4.720,3.863,5.985,6.659,6.189,6.460,6.169,7.519,8.070,7.167,6.826,4.971,5.445,4.147,3.764,4.747,3.765,7.389,3.229,6.663,5.074,3.721,3.959,4.665,4.461,6.819,3.328,5.158,7.388,5.429
92,4.571,4.652,3.930,5.847,6.565,6.196,6.502,6.044,7.541,8.141,7.023,6.613,4.681,5.389,4.015,3.902,4.836,3.737,7.305,3.348,6.770,5.115,3.983,4.123,4.727,4.322,6.687,3.761,5.112,7.462,5.430
93,4.525,4.753,4.002,5.805,6.697,6.162,6.414,6.132,7.686,7.970,6.954,6.731,4.825,5.446,4.163,4.045,4.652,3.640,7.386,3.348,6.959,4.998,4.316,3.787,4.631,4.471,6.703,3.994,5.017,7.372,5.453
94,4.482,4.729,3.987,5.971,6.682,6.349,6.509,6.274,7.670,7.894,7.015,6.791,4.986,5.402,4.285,4.043,4.797,3.691,7.465,3.310,6.994,4.961,3.997,3.742,4.639,4.451,6.748,3.939,5.027,7.354,5.473
95,4.565,4.782,4.007,6.009,6.758,6.240,6.420,6.201,7.531,8.063,6.908,6.736,4.928,5.271,3.949,3.806,4.951,3.697,7.459,3.254,6.839,4.869,3.723,4.061,4.682,4.529,6.605,3.724,4.890,7.423,5.429
96,4.606,4.655,4.071,5.925,6.778,6.275,6.193,6.135,7.652,8.144,6.810,6.718,4.919,5.549,4.170,3.971,4.729,3.542,7.393,3.181,6.833,5.064,4.017,4.005,4.692,4.430,6.670,3.901,5.179,7.361,5.452
97,4.682,4.722,3.987,5.980,6.747,6.222,6.547,6.024,7.639,8.197,6.906,6.700,4.690,5.466,4.280,4.027,4.726,3.588,7.466,3.284,6.907,4.930,4.296,3.939,4.759,4.598,6.699,3.805,5.099,7.288,5.473
98,4.741,4.664,3.909,6.090,6.871,6.317,6.443,6.055,7.506,8.105,7.115,6.948,4.894,5.415,4.179,3.982,4.898,3.573,7.362,3.333,6.924,4.897,4.074,3.917,4.782,4.560,6.774,3.460,4.886,7.375,5.468
99,4.538,4.750,4.025,6.067,6.846,6.127,6.397,6.197,7.605,8.299,6.874,6.979,4.811,5.411,4.233,4.144,4.835,3.663,7.374,3.288,7.047,4.924,3.966,3.770,4.688,4.463,6.709,3.928,5.145,7.400,5.483
100,4.583,4.715,3.997,6.158,6.879,6.346,6.340,6.202,7.751,8.317,6.899,6.517,4.863,5.470,4.235,3.807,4.655,3.769,7.396,3.511,6.910,4.847,3.976,3.863,4.682,4.316,6.733,4.016,5.133,7.293,5.473
101,4.656,4.792,4.040,6.147,6.662,6.399,6.505,6.163,7.553,8.097,7.114,6.698,4.868,5.575,4.309,3.612,4.850,3.657,7.522,3.432,6.680,4.987,3.918,4.064,4.681,4.514,6.686,3.753,4.985,7.355,5.476
102,4.642,4.807,4.141,6.211,6.910,6.216,6.399,6.090,7.537,8.223,7.075,6.877,4.790,5.612,4.197,4.012,4.819,3.521,7.589,3.411,6.881,5.070,4.143,3.745,4.579,4.657,6.869,3.748,5.111,7.403,5.509
103,4.594,4.760,3.984,6.173,6.873,6.294,6.417,6.090,7.610,8.128,6.772,6.947,4.981,5.531,4.108,3.992,4.624,3.513,7.421,3.431,7.002,5.119,4.080,3.757,4.604,4.477,6.822,3.973,5.090,7.353,5.484
104,4.703,4.806,4.087,6.075,6.912,6.425,6.470,6.111,7.531,7.910,6.851,6.664,4.881,5.595,4.149,3.923,4.779,3.728,7.478,3.519,6.866,5.245,3.744,4.044,4.697,4.558,6.783,3.907,5.310,7.357,5.504
105,4.732,4.853,3.965,6.194,7.052,6.337,6.573,6.032,7.576,8.088,7.200,6.755,4.753,5.531,4.236,4.082,4.871,3.751,7.555,3.407,6.777,5.217,3.733,4.071,4.698,4.572,6.832,3.905,5.323,7.455,5.537
106,4.757,4.862,4.065,6.124,7.015,6.289,6.534,6.056,7.683,8.232,7.170,6.762,5.000,5.750,4.274,3.990,4.800,3.601,7.414,3.378,6.940,5.118,3.990,3.679,4.604,4.567,6.788,3.805,5.237,7.366,5.528
107,4.644,4.895,4.046,6.120,7.014,6.430,6.651,6.030,7.711,8.373,6.867,6.724,5.022,5.552,4.034,4.061,5.065,3.772,7.617,3.406,7.201,5.177,4.274,3.764,4.602,4.528,6.999,3.826,5.363,7.447,5.574
108,4.569,4.809,4.127,6.318,6.996,6.355,6.626,6.180,7.669,8.280,6.893,6.907,4.852,5.708,4.155,3.887,4.770,3.847,7.707,3.412,7.053,5.134,4.058,3.997,4.801,4.592,6.946,3.964,5.251,7.425,5.576
109,4.671,4.734,4.013,6.302,6.937,6.426,6.716,6.022,7.801,8.383,6.986,6.654,4.861,5.489,4.148,4.006,4.784,3.687,7.608,3.449,6.858,5.087,3.943,4.158,4.762,4.521,6.962,4.085,5.359,7.543,5.565
110,4.689,4.795,4.055,6.304,6.936,6.456,6.447,6.175,7.818,8.222,7.211,6.679,4.908,5.579,4.153,4.090,4.940,3.753,7.634,3.497,6.910,5.033,4.134,3.817,4.678,4.524,7.024,3.828,5.272,7.450,5.567
111,4.633,4.903,4.177,6.341,7.000,6.504,6.628,6.042,7.709,8.375,7.072,6.833,4.814,5.629,4.148,3.990,4.840,3.700,7.656,3.482,7.015,5.024,4.168,3.756,4.654,4.654,6.949,3.843,5.299,7.355,5.573
112,4.658,4.863,4.055,6.312,7.014,6.428,6.584,5.945,7.718,8.353,7.114,6.922,4.908,5.548,4.156,4.071,5.005,3.645,7.563,3.524,7.076,5.079,3.775,3.937,4.684,4.675,6.813,4.018,5.167,7.376,5.566
113,4.825,4.886,4.048,6.270,7.173,6.349,6.614,6.005,7.900,8.098,7.257,6.865,4.864,5.502,4.235,4.117,4.936,3.708,7.595,3.415,7.109,5.142,3.799,4.251,4.683,4.531,6.610,4.015,5.218,7.511,5.584
114,4.790,4.962,4.088,6.196,7.089,6.322,6.602,6.030,7.704,8.311,7.107,6.788,4.952,5.567,4.200,4.083,4.937,3.623,7.715,3.461,6.851,5.162,4.086,4.174,4.677,4.560,6.935,3.954,5.355,7.644,5.598
115,4.861,4.880,4.187,6.299,7.112,6.404,6.486,6.066,7.859,8.585,7.075,6.769,5.009,5.506,4.245,3.866,4.825,3.658,7.597,3.365,7.097,5.163,4.167,3.851,4.852,4.676,6.870,3.838,5.357,7.573,5.603
116,4.903,4.949,4.062,6.318,7.224,6.304,6.671,6.156,7.969,8.404,7.343,6.912,4.880,5.605,4.241,3.977,4.991,3.624,7.616,3.507,7.141,5.126,3.942,3.858,4.834,4.628,6.805,3.897,5.297,7.540,5.624
117,4.884,4.928,4.076,6.464,7.175,6.213,6.656,6.016,7.792,8.291,7.464,7.110,4.892,5.740,4.167,4.147,5.088,3.497,7.829,3.449,7.055,4.930,3.908,4.031,4.717,4.576,6.782,3.662,5.376,7.343,5.609
118,4.805,4.995,4.090,6.319,7.385,6.392,6.741,6.215,7.704,8.290,7.091,6.970,4.987,5.770,4.331,3.907,5.039,3.540,7.725,3.450,7.371,4.931,4.035,4.205,4.811,4.707,6.998,3.768,5.403,7.507,5.649
119,4.889,4.957,4.001,6.594,7.236,6.329,6.670,6.220,7.878,8.420,6.987,6.936,4.955,5.584,4.237,3.942,5.088,3.789,7.718,3.435,7.169,5.145,4.179,3.909,4.838,4.622,6.890,4.116,5.158,7.667,5.652
120,4.915,4.826,4.191,6.636,7.304,6.383,6.665,6.024,7.840,8.285,7.306,6.955,5.066,5.655,4.278,4.273,4.927,3.649,7.836,3.460,6.897,5.050,3.943,3.838,4.889,4.609,6.716,4.097,5.386,7.369,5.642
121,4.904,4.831,4.135,6.530,7.322,6.346,6.554,5.949,7.840,8.391,7.305,6.921,5.072,5.682,4.337,4.252,5.084,3.546,7.703,3.532,7.006,5.227,3.831,4.087,4.827,4.715,6.766,4.050,5.471,7.493,5.657
122,4.828,4.827,4.116,6.542,7.261,6.486,6.635,5.999,7.715,8.309,7.026,6.897,5.089,5.808,4.289,4.067,5.077,3.766,7.886,3.501,7.086,5.202,4.073,4.249,4.784,4.665,6.929,4.087,5.470,7.520,5.673
123,4.863,4.921,4.083,6.631,7.167,6.408,6.644,5.904,7.888,8.308,7.091,7.046,4.978,5.686,4.147,4.024,4.947,3.710,7.657,3.533,7.216,5.308,4.191,3.914,4.677,4.725,6.910,4.051,5.478,7.453,5.652
124,4.826,4.953,4.151,6.565,7.208,6.513,6.718,6.115,7.831,8.615,7.223,6.886,4.793,5.840,4.130,4.313,4.923,3.542,7.825,3.544,7.163,5.271,3.824,3.747,4.782,4.713,6.802,3.983,5.251,7.564,5.654
125,4.849,4.964,4.089,6.599,7.293,6.595,6.657,6.006,7.763,8.534,7.297,6.820,5.120,5.853,4.148,4.206,4.880,3.715,7.851,3.568,6.931,5.004,3.816,3.900,4.910,4.586,6.813,3.940,5.509,7.602,5.660
126,4.757,5.004,4.142,6.510,7.294,6.631,6.759,6.106,7.903,8.486,7.401,6.932,5.056,5.807,4.071,4.097,4.816,3.806,7.722,3.572,7.092,5.124,4.101,4.023,4.949,4.848,6.831,4.067,5.559,7.552,5.701
127,4.787,4.954,4.161,6.479,7.204,6.472,6.691,6.407,7.911,8.279,7.338,7.167,4.818,5.914,4.081,4.287,4.887,3.620,7.774,3.496,7.227,5.158,4.249,4.026,4.944,4.736,7.035,3.868,5.607,7.496,5.702
128,4.698,5.042,4.187,6.607,7.246,6.415,6.466,6.220,8.018,8.457,7.145,6.932,5.057,5.758,4.253,4.363,5.070,3.764,7.789,3.567,7.397,5.163,3.935,4.168,4.958,4.795,6.850,3.709,5.491,7.608,5.704
129,4.704,4.982,4.078,6.556,7.427,6.530,6.706,6.207,7.779,8.588,7.205,6.979,5.007,5.747,4.138,4.064,4.938,3.869,7.747,3.517,7.067,5.167,3.982,3.804,4.906,4.819,6.873,3.985,5.567,7.657,5.686
130,4.858,4.951,4.196,6.587,7.428,6.418,6.819,6.315,7.807,8.428,7.353,7.272,4.880,5.594,4.156,4.058,4.980,3.614,7.864,3.528,7.009,5.336,4.366,3.858,4.795,4.874,7.090,4.137,5.559,7.606,5.725
131,4.903,4.966,3.984,6.585,7.355,6.460,6.688,6.376,7.932,8.403,7.440,7.175,5.033,5.781,4.289,4.307,5.035,3.762,7.801,3.540,7.122,5.206,4.237,4.022,4.767,4.823,6.929,3.941,5.461,7.456,5.726
132,4.923,5.100,3.967,6.479,7.505,6.601,6.715,6.296,8.027,8.452,7.244,7.015,5.020,5.786,4.353,4.231,4.837,3.764,7.820,3.490,7.049,5.308,3.982,4.188,4.827,4.850,6.835,4.188,5.560,7.660,5.736
133,5.042,5.101,4.163,6.593,7.464,6.461,6.878,6.121,7.867,8.655,7.318,7.092,4.928,5.904,4.232,4.263,5.025,3.558,7.910,3.505,7.182,5.268,4.139,3.992,4.799,4.735,6.882,4.330,5.538,7.591,5.751
134,4.806,5.087,4.040,6.526,7.452,6.421,6.859,6.211,7.960,8.530,7.462,7.083,5.071,5.545,4.246,4.307,5.082,3.664,7.687,3.473,7.423,5.285,4.270,3.925,4.881,4.980,6.850,3.962,5.551,7.680,5.744
135,4.927,5.069,4.114,6.562,7.692,6.448,6.776,6.221,7.810,8.309,7.325,7.166,5.110,5.657,4.363,4.306,4.810,3.852,7.783,3.485,7.186,5.199,4.126,3.903,4.961,4.872,6.805,4.010,5.364,7.870,5.736
136,4.863,5.057,4.116,6.560,7.585,6.494,6.878,6.317,7.974,8.492,7.327,7.057,5.112,5.732,4.282,4.154,5.052,3.804,7.870,3.497,7.028,5.333,4.004,4.176,4.812,4.914,7.044,4.188,5.727,7.743,5.773
137,4.904,4.977,4.108,6.667,7.482,6.540,6.818,6.277,8.066,8.635,7.375,7.089,5.269,6.048,4.333,4.129,5.083,3.602,7.821,3.536,7.346,5.361,4.063,4.211,4.783,4.997,7.152,3.876,5.711,7.819,5.803
138,4.928,5.025,4.121,6.710,7.483,6.508,6.799,6.413,7.904,8.673,7.538,7.257,5.142,5.960,4.181,4.127,4.848,3.542,7.780,3.501,7.354,5.427,4.374,3.889,4.806,5.056,6.951,3.974,5.590,7.768,5.788
139,4.882,5.013,4.190,6.790,7.644,6.628,6.621,6.399,8.051,8.748,7.206,7.108,5.210,5.735,4.172,4.340,4.958,3.668,7.827,3.549,7.243,5.364,4.066,3.863,4.859,4.887,6.970,4.164,5.686,7.709,5.785
140,4.907,5.010,4.026,6.804,7.602,6.578,6.721,6.254,8.056,8.634,7.117,7.068,5.064,5.872,4.166,4.342,5.178,3.560,7.858,3.513,7.103,5.180,3.977,4.136,4.906,5.018,7.053,3.904,5.580,7.781,5.766
141,4.955,4.984,4.152,6.731,7.682,6.628,6.583,6.498,8.216,8.619,7.408,7.004,5.228,5.927,4.295,4.233,4.890,3.645,7.961,3.503,7.066,5.080,4.167,4.198,4.904,4.907,6.921,4.225,5.589,7.677,5.796
142,5.004,4.980,4.168,6.814,7.601,6.354,6.575,6.284,7.993,8.772,7.475,7.195,5.263,5.821,4.479,4.310,4.970,3.784,7.890,3.494,7.026,5.074,4.335,3.856,4.829,4.984,6.964,4.216,5.516,7.752,5.793
143,5.002,5.076,4.055,6.696,7.672,6.361,6.743,6.345,8.071,8.773,7.326,7.303,5.011,5.754,4.422,4.341,5.150,3.785,8.047,3.602,6.982,5.139,3.973,3.836,5.085,4.991,6.946,4.029,5.591,7.935,5.801
144,4.781,5.163,4.282,6.716,7.727,6.549,6.585,6.503,8.143,8.914,7.291,7.376,5.208,5.869,4.289,4.091,4.925,3.620,7.746,3.594,7.249,5.212,3.881,4.033,5.036,4.991,6.905,4.293,5.814,7.794,5.819
145,4.968,5.069,4.194,6.832,7.691,6.535,6.610,6.400,8.100,8.641,7.470,7.483,5.366,5.855,4.342,4.273,5.109,3.602,7.804,3.552,7.382,5.296,4.168,4.182,4.951,4.807,7.141,4.206,5.961,7.773,5.859
146,5.102,5.065,4.144,6.809,7.628,6.447,6.698,6.258,7.914,8.673,7.547,7.000,4.983,5.862,4.299,4.525,5.168,3.833,7.927,3.581,7.262,5.126,4.276,3.948,4.906,5.012,7.060,3.930,5.584,7.658,5.807
147,5.083,5.047,3.968,6.777,7.650,6.593,6.661,6.332,8.139,8.877,7.426,7.071,5.048,5.781,4.254,4.454,4.988,3.745,7.894,3.629,7.238,5.206,4.146,3.995,5.026,4.986,7.085,4.012,5.640,7.675,5.814
148,5.066,5.107,4.252,6.824,7.701,6.604,6.666,6.288,8.122,8.803,7.490,7.365,5.275,5.919,4.315,4.276,5.162,3.784,7.895,3.658,7.385,5.271,4.081,4.307,4.987,4.951,7.034,4.149,5.670,7.781,5.873
149,4.994,5.115,4.152,6.925,7.775,6.496,6.850,6.236,8.140,8.809,7.724,7.332,5.238,5.912,4.334,4.297,5.270,3.955,8.093,3.669,7.280,5.280,4.255,4.157,4.953,5.106,6.926,4.009,5.849,7.786,5.897
150,5.054,5.183,4.277,6.862,7.793,6.589,6.831,6.314,8.134,8.543,7.479,7.039,5.258,6.024,4.465,4.338,5.068,3.772,8.164,3.574,7.300,5.333,4.493,3.871,5.002,5.064,6.956,3.974,5.660,7.874,5.876
