Year,BCC-CSM2-MR,BCC-ESM1,CAMS-CSM1-0,CESM2-WACCM,CESM2,CNRM-CM6-1-HR,CNRM-CM6-1,CNRM-ESM2-1,CanESM5,E3SM-1-0,EC-Earth3-Veg,EC-Earth3,FGOALS-f3-L,GFDL-CM4,GFDL-ESM4,GISS-E2-1-G,GISS-E2-1-H,GISS-E2-2-G,HadGEM3-GC31-LL,INM-CM4-8,IPSL-CM6A-LR,MCM-UA-1-0,MIROC-ES2L,MIROC6,MPI-ESM1-2-HR,MRI-ESM2-0,NESM3,NorCPM1-LM,NorESM2-LM,SAM0-UNICON,UKESM1-0-LL,Mean
1,.3079,.2365,-.1421,-.3356,-.2507E-01,.1653,.4884,.8995E-01,.2812,-.8861E-01,-.1678,-.3228,.2654,-.1882E-01,.8804E-01,-.2324,.6407E-01,.7726E-01,-.2453,.4583E-02,-.1255,.6195E-01,-.2598,-.1814,-.2363E-01,-.7089E-01,-.1850,-.7667E-01,-.1039,-.7142,.6752,-.9371E-02
2,-.3237E-01,.4629,.6619E-01,-.4879,.3749E-01,.6122E-01,.3190,.5226E-03,.8371E-01,.9237E-02,.2909,-.3130,.1203,.1865,-.3721,-.7467E-01,-.6059E-01,-.1002,-.2841,-.1497E-01,-.6387E-01,-.2984,.3056,-.4281E-01,-.2437,.2958,-.3166,-.3433,.5153E-01,-.6678,.3212,-.3432E-01
3,-.9066E-01,.2182,-.4255,.6979E-01,.2660,-.2239,.3376,.4709E-01,.3062,.2911,.5146,-.5023,.4662,.4268,-.2951,.1170,-.9123E-01,.6043E-01,-.2520,.5945E-01,.2018,.5833,-.1960,-.3782,-.1148,-.9561E-01,-.1742,-.2940,.3629,-.4774,.4819E-01,.2163E-01
4,.5403E-01,.4056,.5281E-01,-.4595,.2059E-01,-.2198E-01,-.9843E-02,-.6434E-01,.1047,.2394E-01,.3733,-.4205,.2211E-01,-.6396E-01,-.3082,-.2063,-.2649,.1720,.1782,.2009,.1364,.3430,-.1946,-.1036,-.3119,.1904E-01,-.8780E-01,-.6660E-01,-.1597,-.4820,.2542,-.2195E-01
5,-.2973,.2600,-.1849,-.5208,-.2438,-.1831,.1537,-.2198,-.2278,.1728,.6204E-01,-.6198,-.1670,.1403,-.1203,-.4296,-.7055E-01,.2766,.3174,-.4167E-01,-.2779,.2127,-.1222,-.1730,-.2530,-.2793,-.5241E-01,.1347,-.2993,-.2676E-02,-.2185E-01,-.8827E-01
6,-.7755E-01,.2793,-.3766,-.2691,.1997,-.3022,.2043,-.2302,-.2925E-01,.2586,-.1592,-.5260,.8999,.2946,.1558E-01,-.4759,-.9220E-01,.4017E-01,-.3154,.3275E-01,-.1433,-.1667E-01,-.1558,.1697,-.4701,-.2317,-.3320,-.7991E-01,.9709E-01,-.3023,.4312E-01,-.5249E-01
7,-.1068,.3667,-.3093,-.4745,-.2707,.2497,.4059,-.1164E-01,-.3017,.2445,.9949E-01,-.6813,.5918,.3449,-.1675,-.1752,-.6089,-.2242,-.4072,-.2078,-.9461E-01,.5730,-.5846E-01,-.1077,-.3102,-.2300,-.1316,-.3496,-.1655,-.4469,.2911,-.8331E-01
8,.1369,.3511,-.5510,-.1858,.4228,-.7238E-01,.3584,-.2861,.8477E-01,-.2662E-02,-.7847E-03,-.6115,.2733E-02,-.2378,-.7596E-02,-.9153E-01,-.5185,.8329E-02,-.2550,-.8339E-01,-.3129,.8868E-01,.2429,-.1071,-.6825E-01,.1760E-01,-.1142,-.4742,-.3291,-.2616,.7531,-.6709E-01
9,.2826,.2244,-.2637,-.5209E-01,.5394,-.2335,.3950,-.3225,-.6572E-01,.3412,-.2121,-.2818,-.9836E-01,-.3445,-.2957,-.3709,-.9318E-01,.2092E-01,-.2569,-.9695E-01,-.2653,-.3266,-.4487,-.2751E-01,-.1883,.6123E-01,-.3638,.5482,-.5417,-.4912,.5630,-.7647E-01
10,.3528E-01,.4108,-.3624,-.4088E-03,.6659,-.1376,.2965,-.7196E-01,-.7120E-01,-.2260,-.3214,-.3380,.7055,.2458,-.7618,-.6762,-.8282E-01,-.1865,-.2867,-.3852E-01,-.1306,-.1220,-.4473,.2131,-.1984,-.2621,.3666,.6350E-01,-.4483,-.1588,.2560,-.4646E-01
11,.2500,.4451,-.4231,-.4087,.4975,.1073,.9411E-01,.1826,-.1470E-01,.3588E-01,-.1766,-.6393,.6246E-01,.5071,-.9488E-01,-.2185,-.6485,-.2579,-.1749E-01,-.3131,.1701E-01,.3697,-.5219,.9072E-01,-.2905,.1275,-.1960,-.1971,-.4240,-.2454,.5680,-.5048E-01
12,.7369E-01,-.7849E-01,.2724E-01,-.7330,.1720,.1023E-01,.3147,-.1758,.6881E-01,-.7259E-02,.1471,-.3645,-.3286,.1104,.4290,-.2668,-.5461,.1997,.1197,-.2356,-.1873,.1644,.2984,.5763,-.1556,.1531,-.2346,-.1748,-.2646,-.3291,.4950,-.1519E-01
13,-.1126,.4919,-.4965,-.9735E-01,-.1041E-01,-.1679,.3402,-.2493,-.1117,-.2604,-.9219E-01,-.3207,.3413,.4646,-.2571,-.1071,.5205E-02,-.6275E-01,.2499,-.4422,-.3397,-.2296E-01,-.2612,-.2106E-01,-.2287,.2698,-.1763,.8355E-01,-.2562,-.4577,.8000,-.4661E-01
14,-.3479,.2502,-.6172,-.2517,.7914E-01,-.1750,.5488,.1583,-.1692,.2944E-01,.1522E-02,-.4790,.1442,-.1451,-.4532,-.2354,-.2744,-.1532,.6440,-.3108,.1097E-01,-.3628E-01,-.6888,-.6115,-.3888,.2404,-.2089,.6290E-01,-.3628,-.1153,.2509,-.1123
15,-.3302,.3566,-.1788,.3003E-01,.3917,-.2791,.2294,.1875E-02,.4536E-01,-.1527,-.4037,-.5413,-.1789,.1052,-.5062,-.7007,-.3621,.1398E-02,.4202,-.4023,.2716,-.4206,-.6814,-.4198,-.5289,-.3493E-01,-.1085,-.1287,-.7341E-01,-.5280,.2629,-.1381
16,-.4025,.3900,-.5776,-.1423,.2363,-.1672,.2929,.1664,-.2431,.4482,-.3040,-.5485,-.3280,-.3285,-.2663,-.2280,-.2357,-.4150,.1024,-.4339,.2503,.6508E-01,-.1750,-.4782,-.5270,-.7229E-01,-.3308E-01,-.8138E-01,.7298E-01,-.7906,.8859,-.1213
17,-.4377E-01,.3123,-.2552,-.2826,.2858,.1957,.1705,-.4930,-.1463E-01,.2230,-.3823,-.6807,-.1171,-.7122E-01,.2256,-.4743,-.4294,-.2074,.2966,-.1605,.8591E-01,-.3453,.2244,-.2626,-.4051,-.1516,.1623,.1300,.2684,-.2382,.1619,-.5995E-01
18,-.3461,.5397,-.5499,-.4893E-01,.2154,-.1094,.1621,.3057E-01,-.3791,.4089,-.5526,-.6300,-.5412,.6941,-.5518E-02,-1.022,-.2841,-.3828,.2628,-.3461,-.6743E-01,-.1016,-.4903,-.2490,-.4212,-.1430,-.1053,.4543,.2108,-.4919,-.2216E-01,-.1096
19,-.4044,.2941,-.4566,-.1672,-.2591,-.6344E-01,.1886,-.1679,.5140E-01,.9369E-01,-.3379,-.6172,-.2903,-.3746,-.3026,-.7940,-.4627,.4731E-02,.3450,-.1606,.3122E-01,-.1349,-.6259,-.2494,-.3512,.2856,-.1999,-.2793,-.6584E-01,-.2275,.4681E-01,-.1619
20,.5235E-01,.5194,-.3073,-.6355E-01,.1685,.8145E-01,.3620E-01,-.3463,.8690E-01,.2354E-01,-.4482,-.4295,.1406,-.3494,-.4337,-.3723,-.2824,-.3227,.3051,.1281E-01,.1079,.7377E-01,-.4945,.8252,-.4033,.2613,.8249E-01,-.5290,-.2375,-.5441,.4738,-.6467E-01
21,-.3339,-.2722E-01,-.4180,.2581,.5040,.1424,.6277E-01,.6527E-01,-.2196,.2854,-.6843E-01,-.8837,-.2665,.1669,-.5248,-.3976,-.5840,-.4381,.1003,-.3728,.2352E-01,.4143E-01,-.3571,.3484E-01,-.3064,.4499,-.4211E-01,-.1636,-.2701,-.8974E-01,1.270,-.6538E-01
22,-.8424E-01,.7291,-.2407,.2548,.1516,-.3752E-02,.3143,-.1682,-.5807E-01,.2343,-.4667,-.6620,-.3446,.1472,-.2649,-.2849,-.5807,-.2205,.3145,.6269E-01,.1202,.5212E-01,-.9772E-01,-.4615,-.4325,-.4105,-.3217,.1477,-.2517,-.1634,.5007,-.7347E-01
23,-.3175,.6645,-.4604,.3995,.6221,.2882,.3329,-.7961E-01,.1904,.2901,-.2890,-.7822,.1032E-01,.2825,-.7098E-01,-.8972,-.6993,-.4929,.5007,-.3199,.4318,-.4342,.1317,-.1889,-.6296,.4619E-01,-.2243,-.1929,-.4193,-.1840,.5937,-.3335E-01
24,-.2382E-01,.4769,-.6291,-.1078,1.003,-.3694E-01,.9345E-01,.3520,.2070,.3760,-.2663,-.6095,-.3388,.2328,-.1961,-1.199,-.3940,-.6504,.7889,-.4284,.4348E-01,-.5575,-.1920,-.5931E-01,-.5997,.1648,-.6693E-01,-.3476,-.1149,.7239E-01,.6017,-.4023E-01
25,-.1571,.1362,-.3838,.9787E-01,.4225E-01,.2710,.2510,-.2585,.3347E-01,.4498,-.4656E-01,-.8307,-.2569,-.1049,-.4412,-.6381E-01,-.3807,-.2198,.6021,-.1540,-.1649,-.7169,-.4426,-.2170E-01,-.7428,-.4655,-.1845,-.6612,-.3509E-02,.2776E-01,1.183,-.1181
26,.1916,.2656,-.4925,.2416,.4578,.1199,.1060E-01,-.2729,.4297E-01,.3107,-.3498,-.8440,.5170,-.2963E-01,-.4482,-.5171,-.4043,-.3642,.4102,-.3886,.4688,-.1819E-01,-.7222,-.2871,-.4249,-.2339,-.3761,-.4689,-.2711E-01,.1212E-01,.8556,-.7493E-01
27,.4003,.3610,-.2521E-01,.4673,.3214,.2777E-01,-.7584E-01,-.3473,-.2295,.3485,-.3881,-.3152,-.6621,.3866E-01,-.6933,-.4304,-.4200,-.4936,.7444,-.3542,.1824,.6635,-.4658,-.1735,-.2870,.3937,-.8674E-01,-.7351E-01,-.5367,-.7350E-01,.8626,-.2965E-01
28,.2620,.4143,-.6009,.4259,-.6509E-01,.1447,-.1423,-.2769E-02,-.3160,.4674,-.2714,-.5485,-.9014E-01,-.1411,-.1744,-.4178,-.4826,-.4540,.7726,-.4167,.3809E-01,.8416E-01,-.2314,-.1439,-.3071,.1794,-.2464,-.5252,-.4633,.6669,.6916,-.4920E-01
29,.3997,.3227,-.5106,.6163E-01,-.3265,-.1674,.5063,.5679E-01,.7051E-01,.8312,-.3357,-.8217,.5378,.1562,-.4345,-.7111,-.3553,-.4564,.7479E-01,-.2503,.3927,-.1182,-.9904E-01,-.2892,-.5721,.4020,-.4096E-01,.3193E-02,-.1579,.9762,.9566,.2708E-01
30,.9410E-02,.5101,-.6533,.2993,.2830,.2045,.1299,-.2486,.6620,.3831,-.2209,-.6450,-.2113,.6953E-01,-.5326,-.9174,-.1079,-.5289,.1560,-.4219,.2744,-.9550E-01,-.5367,.9836E-01,-.4502,.4266E-01,-.1056,-.7746E-01,-.3796,-.2114,1.111,-.3980E-01
31,.1651,.2124,-.3640,.3520,.6256,.3014,.1514,-.7108E-01,.1935,-.1309E-01,.5678E-01,-.6412,-.3934,.3948,-.5137,-.5707,-.3946,-.5103,.9702,-.2494,-.1009,-.1248,-.8663,-.2160,-.2813,.4443,.5983E-01,-.4571,-.3272,-.1970,1.363,-.1439E-01
32,.1368,.2588,-.2027,.1857,.5211,.3663,.4170,-.3155,.2104E-01,.2238,-.2505,-.3425,.4035,.5111,.2402,-.3800,-.6542,-.6657,1.147,-.4760,.4337,-.1411,-.2939,-.3664,-.5764,.5943E-02,-.2918,-.4218,.2862,-.2265E-01,1.399,.5119E-01
33,.3995,.3082,-.4134,.3784,.5147,.2512,.2856E-01,-.1770,.4985,.3436,-.8079E-01,-.2657,-.2786,.3664,-.6359,-.4863,-.6209,-.4161,.6615,-.3726,.3583,-.9047E-01,-.2795,.5042,-.4525,-.1174,-.2064,-.6774,-.4674,.6473E-01,1.754,.2934E-01
34,-.6476E-01,-.5749E-01,-.6781,.6950,.8662,.8608E-01,-.1579,-.2694,.4451,.4415,-.2541,-.6769,-.1127,-.1243,-.5540,-.5506,-.7535,-.9154E-01,.8497,-.2311,.8900E-01,-.2048,-.5511,.8548,-.5756,-.5018,.3400,.2269,-.3070,.4111,1.077,.7226E-02
35,-.1205E-01,.3229,-.5118,.4427,1.023,.1860,.1397,-.7382E-01,.4406,.8243,-.4074,-.5082,.2492,.9970E-02,-.1307E-01,-.8269,-.6522,-.6970,1.082,-.2887,.1577,.2839,-.8268,-.7957E-01,-.3577,-.1134E-02,.1394,-.1177,-.9561E-01,.5035,.7194,.6271E-01
36,-.2263,.5302,-.6135,.3241E-01,.8203,.3579,.4463,-.2313,-.4916E-02,.4642,.3037E-01,-.3825,-.2459,.4953,-.1732,-.5242,-.5328,-.6314,.6711,-.2173,.5331E-01,.5016,-.5304,-.4029,-.5928,.1905,.4279E-01,-.3403,-.2842,.2088,1.473,.3029E-01
37,-.3264E-01,.3336,-.4712,.4621,.8099,.5679E-01,-.1302,-.2697,.7660E-01,1.053,.1631,-.5797,.1490,.4825,-.5263,-.7995,-.8115,-.5338,1.235,-.3238,-.2104E-01,.4492,-.2270,-.3383,-.7749,.3261,.6718E-01,-.3380,-.7878,.2342,2.086,.6064E-01
38,.1931,.3340,-.5418,.9718,.7145,.1687,.2074,.2188E-01,.6071,.4229,-.1722,-.3959,.7091E-01,.3528,-.4964,-1.084,-.7062,-.6772,1.408,-.3894,-.1388E-02,.1669,-.3160E-01,.1103,-.6459,-.1952,-.3342E-01,-.5646E-02,-.3924,-.6242E-01,1.535,.8462E-01
39,-.3423E-01,.3223,-.4325,.3875,.4010,.3896,.1399,-.2306,.3276,.4577,-.1285,-.1960E-03,-.1618E-01,.4041,-.3325,-.7462,-.7098,-.6036,1.487,-.2300,.9527E-01,.4736,-.4892,.1269,-.4010,-.8958E-01,.4600,-.2833,-.7140,.1190,1.570,.8221E-01
40,.3645,.4967,-.5482,.1482,.2806,.4885,-.8650E-01,-.3460,.5891,.7026,.1143,-.5494,-.2393,-.1546,-.5095,-.3855,-.6615,-.8681,1.006,-.3225,.3739,.5903,-.2978,-.2925,-1.045,-.1459,.6536E-01,-.3369,.1963,.5523,1.763,.4426E-01
41,.1462,.3661,-.5509,.5178,1.149,.6944,.1441,-.1432E-02,.3266,.5844,-.1602E-01,-.5517,-.4136E-01,.3247,-.2096,-.7178,-.7501,-.2915,.7950,-.2408E-01,.2996,.9959,-.7446E-01,-.7989E-01,-.8492,-.1353,-.5324E-01,.1564,-.8933,.6069E-01,1.692,.1244
42,.8890E-01,.3234,-.4746,.6395,1.178,.3563,.1236,-.1279,.4652,.9923,-.1983,-.6059,-.1805,.4050,-.1287,-.9471,-1.030,-.7009,1.189,-.1997,-.5978E-01,.4586,-1.025,.2987,-.5553,.1435E-01,-.3008,.5776E-01,-.7419,.4641,1.630,.7852E-01
43,-.5840E-01,.2868,-.3833,.3042,.2972,.4482,.2822,-.3423,.5437,.8401,.6141E-01,-.2522,-.2066,.3783,-.1678,-1.020,-.4084,-1.005,1.472,-.2382,.1239,.7343,-.6057,.2303,-.7574,-.1460,.8355E-01,.1112E-01,-.2845,.7384,1.199,.1060
44,.1683,.2382,-.3003E-01,.8779,.1538,.5641,-.2723E-01,.8826E-01,.4482,.8590,-.2209,-.2824,-.2116,-.3245E-01,-.1229,-.5357,-.7001,-.6857,2.134,-.2818,.3565,.2630,-.5543,-.1151,-.7695,-.8537E-01,-.4105E-01,-.2235,-.1981,.9108,1.521,.1334
45,.3820,.4585,-.7197,.8486,.3983,.4850,-.1097,-.1316E-01,.5457,.8498,-.4915E-01,.2553,-.5097,-.1762,-.1450,-.6220,-.6267,-.8011,1.273,-.5304,.1218E-01,-.1174,-.5879,-.4174,-.4736,.2383,-.1317,-.2619E-01,-.2227,.8312,2.202,.1041
46,.3107,-.9512E-01,-.7494,.1353,1.208,.6089,.9791E-01,.1224,.4822,.6167,.3176,.2508E-01,-.5088,.8171,-.6041,-.6403,-.6024,-.6526,1.152,-.3419,.7083E-01,.6043,.3461E-02,-.1428,-.6777,.2591E-01,.1477,-.4308,-.8673,.9905,2.172,.1412
47,.4343E-01,.4522,-.4011,.9953E-02,.6225,.5148,.2715,-.2290,.6377,1.075,-.1397,-.5082,-.3909,.6594,-.4672,-.7707,-.7731,-.8520,2.098,-.3615,.4449E-01,.7470,.1628,.2238,-.7008,.2385,.1181,-.3145,-.6169,.7889,2.472,.1808
48,.2201,.2996,-.6068,.4296,.6470,.5147,-.2090,-.4845,.1042,.9684,.7201E-01,.5257E-01,-.1403E-01,.8207,-.1863,-1.018,-.6297,-1.095,1.997,-.4861,-.2987E-01,.3746,-.3888,.3204,-.6809,.5692,-.5149E-01,-.3231,-.2695,.7813,2.646,.1788
49,.1369,.2590,-.6185,.8583,.6526,.5456,.2796,.5710E-01,.3477,.9812,.5217,-.4237,-.2771,.4530,.4026,-.5963,-.5034,-.8308,1.962,-.5026,-.8322E-01,.6173,-.8644,.4903E-01,-.8719,.4218,.3479,-.1538,-.3092,1.231,2.166,.2284
50,-.1195,.8373,-.3822,.8590,1.374,.4065,.4162,-.4893,.7503,1.081,.7055,-.3309,.3078E-01,.1993,-.1005,-.5806,-1.176,-.8722,1.882,-.4022,.2244,.9140,-.7600,-.2744,-.6790,.1785,.2243,-.2514,-.4068,.6450,2.296,.2260
51,-.4827,.3217,-.5239,.2297,.4887,.5774,.8272E-01,.6423E-01,.8608,1.375,-.1118,-.3317E-01,-.3143,.7506,-.5485,-.8199,-1.029,-1.007,1.832,-.6338,.1941,.6167,-.6946,-.1587,-.8351,.3821,.1377,-.4491,-.4374,.4194,2.256,.1110
52,.5997E-01,.2341,-.8596,.3474,.8472,.4583,.4263,-.5922,.8663,1.486,.2889E-01,.3156,-.1694,.8599,-.4306,-.7212,-.6073,-.9121,1.866,-.5283,.1837,.9163,-.3172,.7386E-01,-.6402,.3743E-02,.6141,-.2967,-.7810,.7608,2.270,.2161
53,-.7433E-01,.1914,-.6833,.8931,1.280,.4302,.1839,-.1726,.8288,1.032,.4256,-.7466E-01,.2205,.4712,.2227E-01,-.5705,-.3830,-.9565,1.674,-.5229,.1834,.9490,.1901,.2447E-01,-.9353,.2924,.1675,-.2014,-.7076,.3561,2.452,.2519
54,-.1246,.7778E-01,-.4060,.7407,.8633,.6121,.4714,-.4407E-01,.7963,1.202,.4593,-.8916E-02,-.1226,.6214,-.6298,-.9518,-.5186,-.7429,1.397,-.2715,.5304E-01,.4977,-.5895,.3971,-1.196,.1920,.1869,.2200,-.9332,1.057,2.402,.2220
55,-.2939,.6771,-.3897,.8464,1.295,.5540,-.2701E-01,-.4265,.8628,1.202,.4371,-.1932,-.4107,.7677,-.5239,-.8111,-.5493,-1.248,2.522,-.4800,.2167,.2864,-.7011,.3067,-1.148,-.3735E-01,.4427E-01,-.2967,-.2188,1.248,2.754,.2358
56,.1098,.4145,-.3104,.9141,.7115,.6649,.1196,.9906E-01,.4873,1.364,.6558,.3956,.1682,.3680,-.1630,-1.098,-.7489,-1.107,2.199,-.3376,.2303,.2070,-.7597,-.2487,-1.008,.2173,.1937,-.3483,-.2714,.5853,2.337,.2380
57,-.5395,.5639,-.5991,.7308,1.282,.6548,.4021,-.1554,.8698,1.309,.8545,.1504,-.2888E-01,.5813,.1379,-.6748,-.8426,-.9272,2.064,-.3162,.3280,.7377,-.4843,-.8007E-01,-.9407,-.5206E-01,.2301,.3430,-.2690,1.121,2.365,.3163
58,.1292,.4132,-.2918,.7405,.9196,.7007,.1297,-.2238,1.260,1.690,.6172,.1491,-.1810,.7206,.2581E-01,-.7871,-.4212,-.9256,2.345,-.4617,.6037,.7944,.4011,.2635,-.8327,.5458E-01,.3545E-01,.2940E-01,-.4987,1.290,3.034,.4170
59,.1559,.3706,-.4015,.6062,.8791,.6386,.2143,-.3733,.9979,2.002,.6729,.1939,.9694E-01,.6919,-.9229E-01,-.9094,-.9149,-.9510,3.272,-.3903,.5413,.7451,-.4526,-.9885E-01,-.4298,.2242,.3679,-.2493,-.3403,1.364,2.710,.4017
60,-.2038E-01,.3360,-.3192,.6739,1.197,.6165,.4228,.4383,.8474,1.977,.8627,.3176,.1348,.1292,.4363E-01,-1.493,-1.164,-1.028,2.353,-.3559,.6210,.8477,-.2782,-.2102,-.7909,-.4514E-01,.2872,.2951,-.5449,1.332,2.568,.3848
61,-.1947,.5133,-.6179,1.114,1.033,.7484,.3714,-.3431,.4959,2.222,1.053,-.4865E-01,-.1424E-01,.5865,-.9147E-01,-.4570,-1.136,-1.066,2.148,-.4624,.6206,1.062,-.2588,.3638E-01,-.7680,.2085,.4606,-.3495,-.2815,1.824,2.391,.3752
62,-.4196E-01,.4177,-.5765,.5302,1.585,1.164,.3779,-.2366,1.046,2.383,.5901,-.5989E-01,.4665E-01,.6987,-.4796,-.5213,-.3589,-.8433,2.485,-.3960,.3903,.8581,.3196,.5000E-01,-.8961,.2881,.3260,-.2222,.9390E-01,1.220,2.398,.4386
63,.1597,.5281,-.2622,.7509,1.147,.7942,-.8148E-01,-.1130,1.281,2.046,.8248,.3129,.3557E-01,.1830,-.2647,-1.349,-.7755,-1.199,2.526,-.5186,.8609,.7028,.4090,.4096,-.5422,-.1982,.2534,-.6298,.3193,1.533,2.572,.4355
64,-.4955E-01,.4994,-.4309,.8366,1.215,.9281,.1631,-.1354,1.220,1.689,1.038,.6106,-.1495,.1673,-.3147,-1.038,-1.096,-.8281,2.636,-.7471,.8476,.6074,-.5486,.4232,-.8073,-.1346,.7378,.3451E-01,-.9833,1.292,2.489,.3736
65,.1502,.3858,-.2686,.9543,1.058,.8040,.5566,.7915E-01,1.001,1.843,1.026,.2084,-.6325E-03,.7066,-.6068,-.7582,-.7878,-1.179,2.436,-1.062,.6442,.5341,-.8283,-.7167E-02,-.9594,.2771,.2352,-.4292,-.9719,1.107,2.824,.3244
66,-.4281,.3831,-.6853,.6290,1.359,.8949,.4652,-.5493,1.127,2.087,1.009,.6861,.4633,.7189,-.2489,-.9325,-.1595,-1.112,2.348,-.4063,.7489,.6358,-.3599,.2094,-.6515,.1397,.1946,.1042,-.6055,.9790,3.072,.4349
67,-.1264,.4625,-.8960,1.295,.9666,.9088,.7785E-03,.6028E-01,1.288,2.526,1.127,.8029,-.2958,.3972,.3400,-.7999,-.8162,-.4844,2.886,-.5078,1.062,.8815,.6095,.8706E-01,-.9106,.4703,.9450,.2346,-.1201,1.173,2.981,.5782
68,-.1477,.9579,-.7407,1.251,.6461,.9767,.1383,-.8816E-01,1.314,2.458,1.054,.5446,-.2629,.3565,-.1021,-.9432,-1.278,-.7048,2.771,-.4524,.7092,.9311,-.3011,.4268E-01,-.7877,.5350,.2474,-.1110E-01,-.6757,1.333,3.271,.4662
69,.1320,.9822,-.4864,1.112,1.213,.9256,-.3909E-01,.4740E-01,1.719,2.497,1.140,.8854,.5410,1.200,-.1072,-1.052,-.8875,-.8882,2.679,-.3670,.8418,.5568,-.6687,.2653,-.6797,.1716,.6248,.2093,-1.114,1.385,3.701,.5864
70,.1787,.8116,-.4621,.9857,1.395,.8525,.3565,-.2370,1.367,2.855,1.089,.6211,.2819,.4880,-.2573,-.7108,-.7611,-1.215,2.920,-.5655,.6155,.1655,-.7923,.5919,-.9358,.3773,.7262,-.3844,-.2098E-01,2.088,4.201,.5779
71,.1694,.7680,-1.048,1.055,1.379,.7934,.8790,.1755,1.424,1.987,.9716,.8849,-.1902,.5133,.2286,-1.166,-.8858,-.8170,3.045,-.6341,.7501,.5591,-.5500,.4445,-.6999,.1189,.4526,-.3290,-.7126,1.762,3.292,.5262
72,.4910E-01,.6673,-.7195,.6891,1.457,.7853,.4196,.1571,1.260,2.259,1.330,.4466,.3267,.5076,.1155,-1.533,-.6114,-1.476,3.046,-.7407,.7968,.7178,.1784,.2201,-1.012,.4725,.8180,-.1227,-.4392,1.609,3.180,.5462
73,.3898,.6407,-.8282,1.400,1.072,1.120,.6052,-.2333,1.417,2.091,1.361,.2334,-.3444,.3299,-.5196,-1.110,-.7061,-1.011,3.394,-.6472,.6434,1.218,.6518,.3557,-1.103,.3372,.3704,-.1793,.1672,1.988,3.412,.5875
74,-.2748E-01,.7361,-.6359,1.366,1.349,.9872,.5617,.6230E-02,1.203,2.501,1.370,.8911,-.4845,.4262,-.3087,-.8880,-.2707,-1.145,2.898,-.4468,.9541,1.179,-.2148,.2134,-.9492,.2382E-01,.8787,-.2220,-.8374,1.959,3.742,.5901
75,.1992,.8144,-.6816,1.271,1.333,1.167,.3393,.6980E-01,1.478,2.464,1.352,.9979,.6424,.8625,.9625E-01,-.7363,-.6904,-1.458,2.913,-.3934,.9487,1.115,-.4734,.4380,-.7103,.2894,.8112,.1834,-1.011,1.998,3.643,.6670
76,.1679,.6318,-.2953,1.744,1.508,.8900,.3029,-.1196,1.744,2.102,1.067,.8596,-.4117,.3828,-.5828,-1.009,-1.379,-1.044,3.552,-.6429,.8584,.9065,.1999,.3506,-.7414,.2251,.8175,.4272E-01,-.9396,2.139,4.048,.6128
77,.2726,1.115,-.5850,1.130,1.286,.9709,.7934,.7592E-01,1.440,2.492,.9739,1.176,-.9276E-01,.9310,-.4694E-01,-.8620,-.4697,-.9845,3.520,-.4545,1.159,.5592,.3353,.3732,-.8555,.2974E-01,1.183,-.4729,-1.039,2.118,3.769,.6901
78,.1663,.8635,-.5197,1.403,1.641,1.210,.6220,-.2815,1.557,2.672,1.229,1.062,.4101,.7713,.1550,-.6823,-.7273,-1.195,3.761,-.5571,1.049,.4259,-.7973,-.1112,-.6975,.3784,.7033,-.7657E-01,-.7698,1.890,3.474,.6570
79,.4130,.9499,-.5374,1.663,1.225,1.209,.5956,.2291,1.616,2.898,1.884,.6689,-.1589,.8236,-.4811,-.6216,-1.051,-1.094,3.755,-.4766,.8734,.5626,-.4869,.1314,-1.241,.4650,.9077,-.1202,-.7905,2.122,4.000,.6851
80,.3788,.9022,-1.027,1.273,1.525,1.148,.5131,.8762E-01,1.453,3.012,1.219,1.004,.1320,.9999,-.2772,-1.008,-.9297,-1.123,3.479,-.4662,.9970,.7742,-.1235,.6730,-1.073,-.7235E-01,.8081,.1241,-.5151,2.244,4.860,.7333
81,.4365,.6896,-.6848,1.476,1.166,.8135,.2237,.2732,1.426,3.219,1.270,.8534,.4149,.7352,-.1573,-.9102,-1.023,-1.263,3.754,-.1928,1.196,1.088,.6919,.4427,-1.260,.4023,1.157,.1945,-.7957,2.030,4.112,.7563
82,.1902,.6640,-.3045,1.926,1.975,.8094,.5083,.2287,1.568,3.000,1.261,1.467,-.1482,.9205,-.2614,-.7735,-.3920,-1.217,3.427,-.4103,1.139,1.339,-.2507,.4063,-1.142,.9949,1.049,-.1216E-01,-.8223,1.937,4.308,.8053
83,.2409,.8463,-.2202,1.428,1.180,1.366,1.127,-.2068E-01,1.498,2.887,1.536,.8039,-.3233,.7398,-.4948E-01,-.5918,-.9056,-1.313,3.399,-.4159,.9149,1.267,-.5914,.1999,-.8110,.3376,.7523,.2752,-1.273,1.955,4.045,.6959
84,.3586,.7667,-.8729,1.839,1.060,1.008,.7754,.2889,1.695,2.912,1.623,.7887,.5066,.5861,.3124,-1.208,-1.484,-1.482,4.006,-.4725,1.211,1.125,-.3699E-01,.5855,-.6491,.1732,.7277,-.2945,-1.205,1.921,4.409,.7394
85,.2043,.7991,-.4146,1.728,1.489,1.082,.3489,-.6855E-01,1.855,3.277,1.521,1.154,.6625,1.159,-.3087,-1.408,-.9539,-1.284,3.897,-.3030,1.263,1.354,.8124,1.065,-1.096,.4509,1.195,-.1261,-.6041,2.218,3.913,.8763
86,.3570,.6834,-.5022,1.627,1.440,1.201,1.291,.5070,1.855,2.977,1.652,1.423,-.4106,.8956,-.7976E-01,-.6667,-.6196,-1.241,3.950,-.5826,1.580,1.257,.3908,.6707,-.8773,.1435,.7355,.7224E-01,-1.320,2.078,4.197,.8450
87,.5227,.7738,-.3529,1.740,1.764,1.328,.7161,-.2024,1.515,3.552,2.038,.9079,.4430E-01,.8379,.4341,-.6111,-.8212,-1.573,4.256,-.5002,1.561,1.309,-.3248,.3793,-.8884,.7501,.6499,.1496,-1.234,2.160,4.795,.8762
88,.2574,.8461,-.4096,1.850,1.846,1.732,.8087,.4315E-01,1.669,3.419,1.763,.9077,.6292,.6952,-.2750,-1.211,-1.072,-1.593,3.671,-.7087,1.428,1.151,-.1595,.6490,-.8014,.5428,1.030,.7369,-.7330,1.952,4.784,.8886
89,.6181,.8745,-.5363,1.311,2.102,1.538,.6792,.6797,1.748,3.589,1.476,1.246,.2071,.9195,-.3470,-1.176,-1.189,-1.434,3.704,-.4443,1.571,1.365,.4569,.9766,-.9525,.4054,1.071,-.2617,-1.457,2.498,4.489,.8968
90,.4578,.7659,-.7060,1.736,1.632,1.216,.7628,-.6672E-01,1.915,3.148,1.719,1.419,-.2200,1.143,.1919,-.6700,-.9102,-1.357,4.553,-.3819,1.520,1.727,.6423,.9292,-.9056,.3871,1.360,-.1544,-1.020,1.947,4.439,.9296
91,.4155,.8662,-.1257,1.754,2.072,1.355,1.252,.1868,1.607,3.224,1.495,1.034,.5249,1.190,.2048,-.9673,-1.008,-1.412,4.149,-.4764,1.303,2.226,-.1173,.2838,-.8037,.6737,1.049,.1510,-.9438,2.079,5.241,.9817
92,.1722,.9006,-.8064,1.744,2.081,1.409,.6589,.9304,1.973,3.054,1.433,1.037,.4683E-01,.6004,.1237,-.8206,-.6225,-1.388,4.575,-.4540,1.347,1.809,-.1029,-.2559E-01,-.6918,.2393,1.115,-.1436,-.7934,2.184,5.327,.9244
93,.5940,.8640,-.7021,1.922,1.593,1.506,1.269,.2240,1.927,3.600,1.919,1.397,.4175E-01,.3697,.4086,-.8419,-1.026,-1.671,4.341,-.4136,1.429,1.696,.5065,.8601E-01,-.9559,.5330,.9952,.1947,-.9940,2.646,4.814,.9705
94,.3587,.8703,-.7668,1.682,2.070,1.814,.7740,.6854E-01,1.844,3.305,1.859,1.521,.2764E-01,.9909,.7851E-01,-.5442,-.3628,-1.363,4.415,-.4661,1.707,1.261,.5558,.1464E-01,-.7270,.6696,1.138,.1261,-1.012,2.913,4.983,1.012
95,.4974,.8927,-.5045,2.006,2.108,1.323,1.059,.9091,2.008,3.378,1.666,1.727,.1025,.9342,-.3726,-.8366,-.5465,-1.481,4.462,-.4947,1.623,1.516,-.2488,.6963,-.6551,.2983,.9440,.5441E-01,-.7302,1.699,5.067,.9979
96,.5871,.8671,-.6632,1.555,1.719,1.536,.8312,.1327,1.581,3.461,1.977,1.438,-.2135,.7595,-.8768E-01,-1.098,-.9981,-1.312,4.504,-.5783,1.690,1.555,-.2954,.9119,-.6972,.2719,.9314,-.9923E-01,-.8038,2.231,5.774,.9521
97,.4128,.7854,-.4129,1.742,1.900,1.638,1.179,1.027,1.774,4.379,1.872,1.685,-.2526,.7538,.1322E-01,-1.126,-1.145,-1.507,4.356,-.2788,1.471,1.719,.4210,.4745,-.9553,.5095,1.117,.3771,-.6235,2.702,5.211,1.078
98,.5995,.5378,-1.148,2.224,2.090,1.575,.6733,.4048,2.450,3.340,1.671,1.455,.4253,1.226,-.5487E-01,-1.036,-.8255,-2.044,4.904,-.4394,1.517,1.639,.4214,.3141,-1.000,.8922,1.359,.2625,-.5671,2.503,4.530,1.031
99,.3672,.7131,-.6043,1.624,1.985,1.523,.9459,.3524,2.192,3.382,1.591,1.327,-.4158,1.499,.4505E-01,-.9618,-.8941,-1.528,5.457,-.3720,1.805,2.349,-.2763,.7770E-01,-.6024,.3468,1.126,.1948,-.5227,1.862,5.151,1.023
100,.4379,.9445,-.9590,1.988,1.777,1.684,.8994,1.119,2.166,4.201,2.126,1.391,-.4799,1.037,.9995E-01,-.5631,-1.160,-1.589,4.655,-.3305,1.712,2.404,.1113E-01,.5053,-.8665,.5844,1.142,.3342,.2597,2.385,5.270,1.125
101,.4556,1.171,-.4487,2.323,1.917,1.674,.8860,.4925,1.976,4.116,2.030,1.532,.2780,1.458,-.3014E-01,-.9124,-.8254,-1.704,4.827,-.2361,1.838,2.170,.3185,.7059,-1.125,.8221,1.182,.3945,-1.643,2.689,6.099,1.178
102,.3853,1.080,-.6654,2.395,2.025,1.507,1.014,.7501,2.051,4.398,1.771,1.491,-.4271,1.079,.9377E-01,-1.259,-.9101,-1.411,5.249,-.4207,1.463,1.701,.1599,.6655,-.5457,.4887,1.089,.4749,-1.551,2.825,5.842,1.136
103,.4860,.6686,-.4641,2.062,2.244,1.882,1.327,.6316,2.071,3.834,1.754,1.418,-.2222,.9495,.9467E-01,-.4230,-1.107,-1.840,5.167,-.3542,1.620,1.586,.3013,.7222,-.7028,.6554,.9992,.2742,-.4521,2.872,5.743,1.141
104,.5647,.6610,-.5328,2.218,2.047,1.463,.8407,.9392,2.096,4.360,1.835,1.496,.3417,1.106,.4676,-.8014,-1.248,-1.796,5.402,-.3058,1.944,2.139,.2267,.7938,-.7849,.8720,1.286,.5626,-.6887,3.189,6.186,1.256
105,.6604,1.086,-.9625,2.388,1.957,1.703,1.605,.7778,2.325,4.003,2.014,1.529,-.2194,1.199,-.1185,-1.069,-.3150,-1.667,5.046,-.4437E-01,1.845,2.218,-.5695E-01,.3804,-.7470,1.177,1.237,.8729,-.8113,2.669,5.831,1.253
106,.6761,1.065,-.3752,2.537,2.479,1.544,1.049,.8953,2.236,4.571,2.157,1.300,-.1325,1.308,-.3866,-1.151,-1.121,-1.535,5.488,.3505E-01,1.772,2.415,.2984,.4790,-.5751,.5083,1.442,.7428E-01,-.8419,3.077,5.720,1.272
107,.4548,.9251,-1.010,2.147,2.348,1.843,1.217,.8329,2.304,4.451,2.010,1.912,.1684,1.493,.6130E-01,-.5733,-.9803,-2.036,5.841,-.2165,1.789,2.096,.7408,.7576,-.6012,.6429,1.256,-.7536E-01,-.3906,3.434,6.019,1.314
108,.5685,.8634,-.7176,2.453,2.246,1.716,1.166,1.120,2.470,4.556,1.956,2.304,-.3437,1.414,.3012,-1.024,-.7920,-1.716,6.061,.5792E-01,1.758,2.125,.5322,.7352,-.4442,.8096,1.072,.3720,-.4492,2.779,6.613,1.386
109,.7113,.8858,-.5752,2.434,2.841,1.907,1.341,.9400,2.310,4.676,2.220,1.686,-.9477E-01,1.021,-.1119,-1.152,-.7287,-1.574,6.461,.8335E-01,1.743,2.114,-.3354,.5028,-.5693,.6062,1.164,.6023,-1.318,2.952,6.507,1.347
110,.3850,.9332,-.5359,2.593,2.478,1.844,1.523,1.281,2.208,5.089,1.985,1.574,.7451,1.471,.3504E-01,-.4592,-1.254,-1.757,5.951,-.2542,1.925,2.151,-.5032E-02,1.023,-.6004,.4108,1.269,.4047,-1.165,3.335,6.384,1.381
111,.5647,.9525,-.7836,2.071,2.679,1.728,1.329,.9151,2.878,4.603,2.219,1.991,-.6896E-01,1.801,-.3406E-01,-.6895,-1.011,-1.577,5.893,-.1808,1.619,2.511,.6703,.7211,-.9055,.6575,1.443,.2970,-1.034,3.346,7.293,1.420
112,.2554,.9779,-.9153,2.491,2.495,1.940,1.658,1.174,2.639,4.663,2.364,1.793,-.3580,1.495,.1218,-.7278,-.6656,-1.674,6.388,-.1083,1.844,1.888,.5907,.1497,-.7396,.6181,1.425,.1804,-.6386,3.178,6.797,1.401
113,.6541,1.046,-.7970,2.290,2.457,1.821,1.234,1.375,2.416,4.510,1.949,2.070,.2149,1.234,.6376E-01,-.6131,-1.133,-1.754,6.425,-.1579,1.912,2.378,.4610E-01,.4353,-.8197,1.044,1.278,.6768,-.6152,3.286,6.233,1.392
114,.3708,.9236,-.9047,2.315,2.797,1.877,1.997,1.051,2.388,5.041,2.211,1.876,.2476E-01,1.028,.6566E-01,-1.002,-1.205,-1.980,6.111,-.3285,2.089,2.313,-.3815,.5209,-.5798,.4184,1.531,.7331,-.5538,3.603,6.528,1.396
115,.4925,.9780,-.7624,2.599,2.409,1.980,1.489,1.037,2.647,4.590,2.647,1.737,-.2833E-01,1.420,-.8742E-01,-1.336,-.8286,-2.087,6.519,-.3160,2.118,1.728,.6239,.7135,-.6289,.8700,1.535,.6995,-.8574,3.049,6.795,1.436
116,.6312,1.002,-.8471,2.618,2.706,1.583,1.637,1.068,2.811,4.782,2.068,1.845,.1066,1.616,.9449E-01,-.6251,-1.248,-1.776,6.463,-.1606,2.636,2.217,.9423,.9771,-.9220,.6457,1.583,.2098,-.3831,3.516,6.886,1.510
117,.5799,1.032,-.8868,2.459,3.282,2.143,1.843,1.466,2.684,5.462,2.059,2.327,-.3251E-01,1.834,.1794,-.6524,-1.265,-1.733,6.641,-.1112,2.316,2.365,.2816,1.229,-.6471,.4793,1.568,.6892,-1.174,3.336,7.074,1.583
118,.7996,1.154,-.4915,2.597,2.787,2.094,1.641,1.184,2.634,5.105,2.628,2.430,-.2336,1.428,.3293,-.7647,-1.093,-1.934,6.289,-.1817,2.124,1.958,.1960,.5634,-.5621,.9550,1.535,.6595,-1.337,2.563,6.953,1.492
119,.6983,1.192,-1.030,2.601,2.704,1.839,1.433,1.007,2.428,5.558,2.433,2.041,.1283,1.607,-.1948,-.6710,-.7112,-1.680,6.774,-.2493,2.792,2.311,.5354,-.2403E-01,-.9912,.7936,1.523,.4619,-1.084,3.256,7.062,1.507
120,.5780,1.404,-.8609,3.120,2.771,1.820,1.787,1.459,2.880,5.573,2.507,2.173,.2720E-01,1.309,-.2669,-.5503,-1.018,-1.695,6.975,-.3689,2.452,1.918,.9708,.6536,-.7813,.9442,1.779,.7752,-.8625,3.890,6.973,1.630
121,.9197,1.324,-.6386,2.890,3.199,2.014,1.650,1.041,2.968,5.471,2.895,2.623,-.7690E-01,1.690,.1250,-.9986,-1.362,-1.796,7.091,-.2364,2.186,2.589,.6112,.9412,-.5494,.8319,1.455,.4486,-.4451,3.702,7.021,1.686
122,.8924,1.206,-1.033,2.987,2.966,1.690,1.484,1.851,2.827,5.437,2.874,2.301,.2700,1.576,.3009,-.6119,-.6722,-1.900,7.235,-.1300,2.271,1.975,-.1284,1.343,-.9735,.7735,1.655,.3939,-.9997,3.737,6.813,1.634
123,.9221,1.159,-.9310,3.076,2.956,2.022,2.001,1.232,2.661,5.285,2.823,2.059,-.2941,1.634,.1184E-01,-.6653,-1.110,-1.863,7.374,-.1536,2.402,1.926,.1089,.8134,-.8296,.3772,1.973,1.063,-.8183,3.700,7.281,1.629
124,.7629,1.290,-.5037,3.260,3.124,1.930,1.535,1.851,3.132,6.022,2.785,2.640,-.3322,1.740,.7874E-01,-.7966,-1.070,-1.930,7.394,.3786E-01,2.397,2.362,1.019,.8880,-.7327,.7378,1.631,1.146,-.4789,2.838,7.665,1.774
125,.7586,1.199,-.9124,3.224,2.949,2.227,1.766,1.629,2.800,5.397,2.767,3.028,.6073E-01,1.601,.1207,-.4309,-1.241,-2.023,7.032,.2343,2.161,2.500,.6257,.9346,-.8008,1.261,1.811,.4420,-.9625,3.245,7.457,1.710
126,1.078,1.495,-.6241,3.056,3.065,1.793,1.987,1.747,2.902,5.386,2.832,2.466,-.5336E-01,1.539,-.1764,-1.014,-.8408,-2.278,7.778,-.1043,2.421,2.502,.1481,1.283,-.7149,.5781,1.923,.4683,-1.015,4.216,7.391,1.742
127,.5180,1.334,-.5308,3.059,3.480,2.580,1.677,1.568,3.231,5.556,3.102,2.016,-.7935,1.713,-.1235,-.6565,-1.110,-2.008,7.996,-.1199,3.229,3.306,-.3254E-01,.9899,-.8060,.9277,1.689,.8807,-.8548,3.183,7.405,1.769
128,.7797,1.409,-.4915,3.117,3.147,2.171,2.072,1.741,3.302,5.992,3.145,2.667,.6524,1.737,.4024,-1.027,-1.389,-2.022,7.457,.1916,2.554,2.548,.9978,1.184,-.7141,.9814,1.743,.9260,-.2074,3.404,7.913,1.914
129,.9494,1.621,-.7202,3.308,3.653,2.417,1.727,1.441,3.077,5.969,3.084,2.891,-.1056,1.703,.3893,-.6581,-1.048,-2.030,7.745,-.1710,2.325,2.660,.6022,.5911,-.8031,.8020,1.774,1.251,-.3530,4.011,7.746,1.884
130,.6201,1.372,-.9139,2.868,2.980,1.912,1.787,1.729,2.941,6.612,3.163,2.421,-.3337,1.968,.2152,-1.043,-1.228,-1.371,7.720,-.1756E-01,2.845,2.702,-.7039E-01,.8527,-.9842,1.050,1.958,.7197,-.8766,3.951,8.360,1.832
131,1.026,1.706,-.9455,3.255,3.386,2.067,2.321,2.332,3.154,5.640,2.933,2.423,.1762,1.563,.7210E-01,-.5437,-1.357,-1.882,8.210,-.5112E-01,3.104,2.644,-.5800E-01,1.032,-.5033,1.349,1.694,.4931,-.8022,3.444,8.395,1.894
132,.9115,1.569,-.4782,3.140,3.310,2.351,1.986,1.403,2.832,5.763,3.135,2.673,.1111,2.097,-.2800,-.8550,-1.112,-2.147,7.751,.8532E-01,3.019,2.424,.4144,.7409,-.8694,.9899,1.831,.7604,-.9338,3.279,8.216,1.832
133,.7932,1.568,-.3789,3.480,3.544,2.245,2.317,1.371,3.194,6.788,3.441,3.139,.9298E-01,1.790,-.9608E-01,-.8433,-.9214,-1.690,7.376,-.1392,2.698,2.564,.7908,1.491,-.6985,.7166,1.907,1.223,-.1942E-01,3.935,7.686,2.007
134,.8139,1.416,-.8916,3.453,3.158,2.526,2.350,2.137,3.304,6.069,3.105,3.136,.8388E-01,1.601,.6108,-.8437,-1.343,-2.120,8.332,.5818E-01,3.035,2.050,.1211,1.246,-.6166,1.050,2.023,1.007,-.4860,3.888,7.612,1.958
135,.8866,1.325,-.6603,3.457,3.438,2.269,1.853,1.559,3.422,6.772,3.197,2.448,.3948,1.870,.2787,-.4840,-1.471,-2.178,8.016,.5662E-01,2.942,2.379,.2985,.4698,-.6677,1.101,2.039,.6675,-.5266,3.892,8.545,1.936
136,.7893,1.606,-.7960,2.973,3.367,2.356,2.585,2.062,3.144,6.008,3.602,2.652,-.5831E-01,1.761,.2507,-.7833,-.7603,-1.658,8.365,.2705E-01,3.085,2.479,1.140,.6864,-.6218,1.297,2.140,.5708,-.1103,3.710,8.598,2.042
137,.9390,1.477,-.5847,3.524,3.882,2.383,2.076,1.468,3.191,6.703,3.454,2.945,.1656,2.112,.1246,-.4686,-1.448,-2.174,8.739,-.4152E-01,3.054,2.742,.4823,1.494,-.8129,1.603,2.207,.9492,-.5619,4.200,8.251,2.085
138,.9408,1.264,-.6744,3.741,3.496,2.112,2.118,2.124,3.158,6.405,3.011,3.512,.2975,1.785,.1375,-.9129,-1.204,-1.876,8.327,-.7087E-02,3.205,2.586,.2807,1.163,-1.025,1.682,2.034,.9845,-.3265,4.012,8.503,2.059
139,1.032,1.816,-.8811,3.594,3.827,2.379,2.865,1.993,3.151,6.732,3.191,2.897,.3674,1.627,-.1846,-.4472,-1.302,-1.983,8.465,-.2077,3.278,2.619,1.140,.7862,-.8350,1.661,1.972,.6579,-.3971,4.078,8.694,2.101
140,1.063,1.224,-.8808,3.681,3.290,2.227,2.028,1.564,3.144,6.887,3.291,2.983,.1933,2.132,.1127E-01,-.9555,-1.330,-2.137,8.931,.5079E-01,3.642,2.374,.6554,.7279,-.7931,1.204,2.318,.8842,-.4487,3.997,8.594,2.050
141,.9589,1.737,-.6475,3.627,3.377,2.439,1.936,2.197,3.599,6.767,3.713,3.652,.8342,1.941,.6192,-1.002,-1.322,-2.145,8.943,.1042,3.527,2.770,.3448,1.581,-1.197,1.029,2.229,.9906,-.1823,3.850,8.681,2.198
142,.9446,1.423,-.9442,3.656,3.820,2.402,2.413,1.532,3.407,7.178,3.183,3.688,-.2687E-01,1.996,-.1259,-.6411,-.9513,-1.884,8.770,.1476,3.780,2.708,.1822,1.096,-.6723,1.267,2.246,.8090,-1.092,4.038,9.011,2.133
143,1.102,1.649,-1.045,4.152,3.763,2.894,2.257,1.887,3.290,6.923,3.249,3.050,.1460,2.045,.6101E-01,-.8805,-1.556,-1.959,8.944,.4331,3.454,2.712,.8496,.7877,-.8964,1.471,2.057,1.006,-.6845,3.864,8.892,2.160
144,.8660,1.724,-.7726,3.829,3.947,2.405,2.580,1.792,3.587,7.158,3.459,3.370,.6599,1.729,.1819,-.5708,-1.326,-1.970,9.362,-.4149E-01,3.464,3.054,.7550,1.132,-.9815,1.542,1.853,.9107,-.1461,4.128,9.070,2.244
145,1.129,1.533,-1.205,4.328,4.129,2.906,2.372,2.156,3.336,6.995,3.693,3.691,.3188,2.338,.4368,-.8771,-1.284,-2.149,9.260,.1679,4.280,3.020,.3294,1.899,-.9286,1.414,2.425,.7420,-.3807,3.966,8.964,2.329
146,1.436,1.493,-.6430,3.992,4.088,2.513,2.488,1.745,3.325,6.866,3.366,3.242,.1487,1.981,.2977,-.4839E-01,-1.383,-1.657,9.257,.2734,3.863,2.965,.6487,1.356,-.7967,1.402,2.396,1.084,-.2474,4.395,8.845,2.291
147,1.086,1.369,-.9557,4.360,4.826,2.478,2.512,2.561,3.494,7.488,3.437,3.100,.1117,2.269,.3306,-.2507,-1.119,-1.499,9.062,.2081E-01,3.767,3.507,.8671,1.007,-1.065,1.628,2.333,1.191,-.3630,4.435,8.844,2.369
148,1.104,1.395,-.7804,4.059,4.230,2.732,2.777,1.788,3.739,7.538,3.713,3.351,.2566,1.946,.1395,-.8620,-.5812,-2.078,9.678,.4322,3.880,3.087,.4425,1.197,-.5458,1.307,2.298,.9121,-.6446,3.915,9.237,2.351
149,1.186,1.851,-.9221,3.967,4.463,2.588,2.448,1.980,3.572,7.073,4.171,3.882,.3695,2.147,.7246E-01,-.4943,-1.153,-2.076,9.558,.1977,4.110,3.063,.2189,2.068,-.7249,1.490,2.298,.8224,-.4522,3.678,9.448,2.380
150,1.317,1.506,-.8568,4.918,4.108,2.834,2.918,2.558,3.566,7.456,3.774,3.612,.4694,1.974,.2674,-.5516,-.8245,-1.376,9.728,.1601,4.292,3.126,.8903,1.201,-.8480,1.916,2.619,1.024,-.6858,4.241,9.368,2.508
